ID,CATEGORY,NAME,PLACE_ID,LAT,LNG,ICON,RATING,REFERENCE,TYPE
P001,PARKS,Sri Chamarajendra Park,ChIJL2fQ53MWrjsRuN9D6aalLMY,12.9763472,77.5929284,https://maps.gstatic.com/mapfiles/place_api/icons/generic_recreational-71.png,4.4,ChIJL2fQ53MWrjsRuN9D6aalLMY,"['park', 'point_of_interest', 'establishment']"
P002,PARKS,Bannerghatta Biological Park,ChIJsW0ZC-BprjsRXzqh_3gub08,12.800285,77.5770474,https://maps.gstatic.com/mapfiles/place_api/icons/generic_recreational-71.png,4.1,ChIJsW0ZC-BprjsRXzqh_3gub08,"['zoo', 'park', 'point_of_interest', 'establishment']"
P003,PARKS,Bugle Rock Park,ChIJmwJpvowVrjsR0JVGQxxLHms,12.9427052,77.5694287,https://maps.gstatic.com/mapfiles/place_api/icons/generic_recreational-71.png,4.4,ChIJmwJpvowVrjsR0JVGQxxLHms,"['park', 'point_of_interest', 'establishment']"
P004,PARKS,Jaya Prakash Narayana Park,ChIJ-8Jcp109rjsRe0QXmcbU8Ic,13.0339132,77.5500089,https://maps.gstatic.com/mapfiles/place_api/icons/generic_recreational-71.png,4.4,ChIJ-8Jcp109rjsRe0QXmcbU8Ic,"['park', 'point_of_interest', 'establishment']"
P005,PARKS,M.N. Krishna Rao Park,ChIJ4zqO6ZIVrjsRSwuhJweaVJY,12.9418183,77.5752478,https://maps.gstatic.com/mapfiles/place_api/icons/generic_recreational-71.png,4.4,ChIJ4zqO6ZIVrjsRSwuhJweaVJY,"['park', 'point_of_interest', 'establishment']"
P006,PARKS,Ranadheera Kanteerava Park,ChIJTeAgMJcVrjsRSUCI3unhuIQ,12.9344251,77.5798235,https://maps.gstatic.com/mapfiles/place_api/icons/generic_recreational-71.png,4.5,ChIJTeAgMJcVrjsRSUCI3unhuIQ,"['park', 'point_of_interest', 'establishment']"
P007,PARKS,Freedom Park,ChIJX5m7gw0WrjsRtuZKH4Cp8xY,12.9782708,77.5821579,https://maps.gstatic.com/mapfiles/place_api/icons/generic_recreational-71.png,4.1,ChIJX5m7gw0WrjsRtuZKH4Cp8xY,"['park', 'point_of_interest', 'establishment']"
P008,PARKS,Butterfly Park,ChIJ3XmpYxpqrjsRjRZ78HKinFY,12.7960545,77.5764202,https://maps.gstatic.com/mapfiles/place_api/icons/generic_recreational-71.png,3.9,ChIJ3XmpYxpqrjsRjRZ78HKinFY,"['park', 'point_of_interest', 'establishment']"
P009,PARKS,Cariappa Memorial Park,ChIJg7jFwXwWrjsR9Vs5rGnsFzI,12.9771738,77.6038475,https://maps.gstatic.com/mapfiles/place_api/icons/generic_recreational-71.png,3.8,ChIJg7jFwXwWrjsR9Vs5rGnsFzI,"['park', 'point_of_interest', 'establishment']"
P010,PARKS,Jayamahal Park,ChIJ40EaoloWrjsRGpFvJX55WXs,13.0008594,77.5976992,https://maps.gstatic.com/mapfiles/place_api/icons/generic_recreational-71.png,4.3,ChIJ40EaoloWrjsRGpFvJX55WXs,"['park', 'point_of_interest', 'establishment']"
P011,PARKS,Mahatma Gandhi Park,ChIJUXbUGHsWrjsRmUwSArERj1E,12.9771725,77.5997522,https://maps.gstatic.com/mapfiles/place_api/icons/generic_recreational-71.png,4.1,ChIJUXbUGHsWrjsRmUwSArERj1E,"['park', 'point_of_interest', 'establishment']"
P012,PARKS,Chinnappanahalli Lake Park,ChIJ2_W4Hi8SrjsRQMvJQH7HvLA,12.965225,77.7082431,https://maps.gstatic.com/mapfiles/place_api/icons/generic_recreational-71.png,4.2,ChIJ2_W4Hi8SrjsRQMvJQH7HvLA,"['park', 'point_of_interest', 'establishment']"
P013,PARKS,Lalbagh Botanical Garden,ChIJHdPykcEVrjsRIr4v35kLEY4,12.9507432,77.5847773,https://maps.gstatic.com/mapfiles/place_api/icons/generic_recreational-71.png,4.4,ChIJHdPykcEVrjsRIr4v35kLEY4,"['park', 'point_of_interest', 'establishment']"
P014,PARKS,Bangalore One HSR Park,ChIJTY1PzpwUrjsRCpl8UQVA5Gk,12.9128553,77.6499044,https://maps.gstatic.com/mapfiles/place_api/icons/generic_recreational-71.png,4,ChIJTY1PzpwUrjsRCpl8UQVA5Gk,"['park', 'point_of_interest', 'establishment']"
P015,PARKS,Hanuman Park,ChIJ96e01z8RrjsRmP-q9-0rTjI,12.9960199,77.6764066,https://maps.gstatic.com/mapfiles/place_api/icons/generic_recreational-71.png,4.2,ChIJ96e01z8RrjsRmP-q9-0rTjI,"['park', 'point_of_interest', 'establishment']"
P016,PARKS,Indira Gandhi Musical Fountain Park,ChIJ7ywPXWkWrjsROJGazHbfZhg,12.9851177,77.5915915,https://maps.gstatic.com/mapfiles/place_api/icons/generic_recreational-71.png,4,ChIJ7ywPXWkWrjsROJGazHbfZhg,"['park', 'point_of_interest', 'establishment']"
P017,PARKS,Lakshmi Devi Park,ChIJIUDm80UUrjsRi7RJJcUJ-Cg,12.9392678,77.6197818,https://maps.gstatic.com/mapfiles/place_api/icons/generic_recreational-71.png,4.3,ChIJIUDm80UUrjsRi7RJJcUJ-Cg,"['park', 'point_of_interest', 'establishment']"
P018,PARKS,Coles Park,ChIJP57klvUWrjsRxqRX9CYZ6M8,12.9944862,77.6088171,https://maps.gstatic.com/mapfiles/place_api/icons/generic_recreational-71.png,4,ChIJP57klvUWrjsRxqRX9CYZ6M8,"['park', 'point_of_interest', 'establishment']"
P019,PARKS,Sir. M. Vishveshwaraiah Park,ChIJ93VCfaoWrjsRYEeTPCK-tgA,12.9705029,77.6506885,https://maps.gstatic.com/mapfiles/place_api/icons/generic_recreational-71.png,4.2,ChIJ93VCfaoWrjsRYEeTPCK-tgA,"['park', 'point_of_interest', 'establishment']"
P020,PARKS,National Poet Kuvempu Park,ChIJ29iDmf0UrjsR2DiRhnFCSsw,12.9147448,77.6090398,https://maps.gstatic.com/mapfiles/place_api/icons/generic_recreational-71.png,4.3,ChIJ29iDmf0UrjsR2DiRhnFCSsw,"['park', 'point_of_interest', 'establishment']"
P021,LAKES,Ulsoor Lake,ChIJWwLHKpAWrjsRLHdwWyGN2lw,12.9832468,77.6199608,https://maps.gstatic.com/mapfiles/place_api/icons/geocode-71.png,4,ChIJWwLHKpAWrjsRLHdwWyGN2lw,"['natural_feature', 'establishment']"
P022,LAKES,Bellandur Lake,ChIJH8rxiYUTrjsRFYKr5ANmrCw,12.9354164,77.667853,https://maps.gstatic.com/mapfiles/place_api/icons/geocode-71.png,2.9,ChIJH8rxiYUTrjsRFYKr5ANmrCw,"['natural_feature', 'establishment']"
P023,LAKES,Sankey Tank,ChIJzVAUlTIWrjsRJgrhXgyf-Gs,13.0092983,77.5741212,https://maps.gstatic.com/mapfiles/place_api/icons/geocode-71.png,4.5,ChIJzVAUlTIWrjsRJgrhXgyf-Gs,"['natural_feature', 'establishment']"
P024,LAKES,Hebbal Lake,ChIJBTRnZY0XrjsRA0m04B3mWjY,13.0465993,77.5855829,https://maps.gstatic.com/mapfiles/place_api/icons/geocode-71.png,3.9,ChIJBTRnZY0XrjsRA0m04B3mWjY,"['natural_feature', 'establishment']"
P025,LAKES,Agara Village,ChIJDynrX4YUrjsRkHS5s5wRaj4,12.9230648,77.6464534,https://maps.gstatic.com/mapfiles/place_api/icons/geocode-71.png,3.9,ChIJDynrX4YUrjsRkHS5s5wRaj4,"['sublocality_level_3', 'sublocality', 'political', 'natural_feature', 'establishment']"
P026,LAKES,Agara Lake,ChIJny9MgogUrjsRWTk5MKLvO3g,12.920707,77.6414418,https://maps.gstatic.com/mapfiles/place_api/icons/geocode-71.png,4.4,ChIJny9MgogUrjsRWTk5MKLvO3g,"['natural_feature', 'establishment']"
P027,LAKES,Hesaraghatta Lake,ChIJi7vANVwhrjsRMezAJsujVrs,13.15,77.49,https://maps.gstatic.com/mapfiles/place_api/icons/geocode-71.png,4.2,ChIJi7vANVwhrjsRMezAJsujVrs,"['natural_feature', 'establishment']"
P028,LAKES,Puttenahalli Lake,ChIJ_c_5VjgVrjsRlXabhj3lGMA,12.8904142,77.5871901,https://maps.gstatic.com/mapfiles/place_api/icons/geocode-71.png,3.9,ChIJ_c_5VjgVrjsRlXabhj3lGMA,"['park', 'natural_feature', 'point_of_interest', 'establishment']"
P029,LAKES,Sarakki Lake,ChIJvXn1C0IVrjsRBUcULuJEeZY,12.899404,77.5798522,https://maps.gstatic.com/mapfiles/place_api/icons/geocode-71.png,3.8,ChIJvXn1C0IVrjsRBUcULuJEeZY,"['natural_feature', 'establishment']"
P030,LAKES,Vibhutipura Lake,ChIJi_tGjuATrjsRl2_8ieJlaos,12.967643,77.675566,https://maps.gstatic.com/mapfiles/place_api/icons/geocode-71.png,3.5,ChIJi_tGjuATrjsRl2_8ieJlaos,"['natural_feature', 'establishment']"
P031,LAKES,Kanva Reservoir,ChIJE-utYcVMrjsROYbO5uBnwuk,12.7310213,77.2031493,https://maps.gstatic.com/mapfiles/place_api/icons/geocode-71.png,3.9,ChIJE-utYcVMrjsROYbO5uBnwuk,"['natural_feature', 'establishment']"
P032,HISTORICAL MONUMENT,Bangalore Fort,ChIJVx06BOMVrjsR1-a9CQJZpLI,12.9629009,77.5760465,https://maps.gstatic.com/mapfiles/place_api/icons/generic_business-71.png,3.9,ChIJVx06BOMVrjsR1-a9CQJZpLI,"['point_of_interest', 'establishment']"
P033,HISTORICAL MONUMENT,Bangalore Palace,ChIJN1ZKKUkWrjsRzxIVM363-LE,12.998766,77.5921071,https://maps.gstatic.com/mapfiles/place_api/icons/museum-71.png,4.2,ChIJN1ZKKUkWrjsRzxIVM363-LE,"['museum', 'point_of_interest', 'establishment']"
P034,HISTORICAL MONUMENT,Ashoka Pillar Monument,ChIJK5UVK5UVrjsRMFgrDKedF5E,12.9437014,77.585211,https://maps.gstatic.com/mapfiles/place_api/icons/generic_business-71.png,4.4,ChIJK5UVK5UVrjsRMFgrDKedF5E,"['point_of_interest', 'establishment']"
P035,HISTORICAL MONUMENT,Tipu Sultan's Summer Palace,ChIJAeY0tOQVrjsRdZ8hleP7aRo,12.9595363,77.5738071,https://maps.gstatic.com/mapfiles/place_api/icons/generic_business-71.png,3.9,ChIJAeY0tOQVrjsRdZ8hleP7aRo,"['premise', 'museum', 'point_of_interest', 'establishment']"
P036,HISTORICAL MONUMENT,Kempegowda Tower (South West),ChIJnQnych0-rjsR0GKEX5xfpvE,12.949338,77.5580263,https://maps.gstatic.com/mapfiles/place_api/icons/museum-71.png,3.9,ChIJnQnych0-rjsR0GKEX5xfpvE,"['point_of_interest', 'establishment']"
P037,HISTORICAL MONUMENT,Tipu Sultan's Armoury,ChIJdda0AuUVrjsR2LwvE8z7ITc,12.9578228,77.5752983,https://maps.gstatic.com/mapfiles/place_api/icons/generic_business-71.png,3.9,ChIJdda0AuUVrjsR2LwvE8z7ITc,"['point_of_interest', 'establishment']"
P038,HISTORICAL MONUMENT,Devanahalli Fort,ChIJu9PQfoPisTsRbepyTxsj700,13.249755,77.708187,https://maps.gstatic.com/mapfiles/place_api/icons/generic_business-71.png,3.8,ChIJu9PQfoPisTsRbepyTxsj700,"['point_of_interest', 'establishment']"
P039,GOVERNTMENT BUILDINGS,Visvesvaraya Industrial & Technological Museum,ChIJqyoigt8VrjsRp_hKR5Y_1X8,12.9752264,77.5963449,https://maps.gstatic.com/mapfiles/place_api/icons/museum-71.png,4.6,ChIJqyoigt8VrjsRp_hKR5Y_1X8,"['museum', 'point_of_interest', 'establishment']"
P040,GOVERNTMENT BUILDINGS,Victoria Hospital,ChIJ54EQ1uIVrjsRHnL6tjMIfW4,12.9635669,77.5738074,https://maps.gstatic.com/mapfiles/place_api/icons/doctor-71.png,3.5,ChIJ54EQ1uIVrjsRHnL6tjMIfW4,"['hospital', 'point_of_interest', 'establishment']"
P041,GOVERNTMENT BUILDINGS,Sds Sanatorium,ChIJAQAAAKQVrjsRPhGsLLiQn-8,12.9274655,77.5906305,https://maps.gstatic.com/mapfiles/place_api/icons/doctor-71.png,4,ChIJAQAAAKQVrjsRPhGsLLiQn-8,"['hospital', 'point_of_interest', 'establishment']"
P042,GOVERNTMENT BUILDINGS,Minto Ophthalmic Hospital,ChIJ_f__z_wVrjsRHEgMRnkQ8jc,12.9608878,77.5718855,https://maps.gstatic.com/mapfiles/place_api/icons/doctor-71.png,3.9,ChIJ_f__z_wVrjsRHEgMRnkQ8jc,"['health', 'hospital', 'point_of_interest', 'establishment']"
P043,GOVERNTMENT BUILDINGS,Kidwai Memorial Institute of Oncology,ChIJE8R9PncWrjsRhio-LJBuW7o,12.9373933,77.5980111,https://maps.gstatic.com/mapfiles/place_api/icons/generic_business-71.png,3.1,ChIJE8R9PncWrjsRhio-LJBuW7o,"['health', 'point_of_interest', 'establishment']"
P044,MUSEUMS,Visvesvaraya Industrial & Technological Museum,ChIJqyoigt8VrjsRp_hKR5Y_1X8,12.9752264,77.5963449,https://maps.gstatic.com/mapfiles/place_api/icons/museum-71.png,4.6,ChIJqyoigt8VrjsRp_hKR5Y_1X8,"['museum', 'point_of_interest', 'establishment']"
P045,MUSEUMS,Government Museum,ChIJHfOennAWrjsRzNoMSHtNB0c,12.9747078,77.5959723,https://maps.gstatic.com/mapfiles/place_api/icons/museum-71.png,4.2,ChIJHfOennAWrjsRzNoMSHtNB0c,"['museum', 'point_of_interest', 'establishment']"
P046,MUSEUMS,HAL Heritage Centre and Aerospace Museum,ChIJg2Ir7MMTrjsR9kqAcrWsFew,12.955323,77.6835548,https://maps.gstatic.com/mapfiles/place_api/icons/museum-71.png,4.4,ChIJg2Ir7MMTrjsR9kqAcrWsFew,"['museum', 'point_of_interest', 'establishment']"
P047,MUSEUMS,Venkatappa Art Gallery,ChIJKW2JvnAWrjsRUhxNZVxBjBc,12.9742357,77.5953023,https://maps.gstatic.com/mapfiles/place_api/icons/generic_business-71.png,4.1,ChIJKW2JvnAWrjsRUhxNZVxBjBc,"['art_gallery', 'point_of_interest', 'establishment']"
P048,MUSEUMS,NIMHANS Brain Museum,ChIJAUBCIrcVrjsRzc0opQv6QrU,12.9403934,77.5987779,https://maps.gstatic.com/mapfiles/place_api/icons/museum-71.png,4.4,ChIJAUBCIrcVrjsRzc0opQv6QrU,"['museum', 'point_of_interest', 'establishment']"
P049,MUSEUMS,"National Gallery of Modern Art, Bangalore",ChIJqZQybIEWrjsRezNLL4Ju2Gk,12.9894116,77.5880553,https://maps.gstatic.com/mapfiles/place_api/icons/generic_business-71.png,4.4,ChIJqZQybIEWrjsRezNLL4Ju2Gk,"['art_gallery', 'library', 'museum', 'cafe', 'food', 'store', 'point_of_interest', 'establishment']"
P050,MUSEUMS,Kempegowda Museum,ChIJcYeXKYcWrjsR6iKUZGlFMdY,12.9740445,77.6106216,https://maps.gstatic.com/mapfiles/place_api/icons/museum-71.png,4.1,ChIJcYeXKYcWrjsR6iKUZGlFMdY,"['museum', 'point_of_interest', 'establishment']"
P051,MUSEUMS,Indian Music Experience,ChIJq6oaOEcVrjsRaApSFOeyX_M,12.8917699,77.5837163,https://maps.gstatic.com/mapfiles/place_api/icons/museum-71.png,4.5,ChIJq6oaOEcVrjsRaApSFOeyX_M,"['museum', 'electronics_store', 'home_goods_store', 'store', 'point_of_interest', 'establishment']"
P052,MUSEUMS,Bangalore Palace,ChIJN1ZKKUkWrjsRzxIVM363-LE,12.998766,77.5921071,https://maps.gstatic.com/mapfiles/place_api/icons/museum-71.png,4.2,ChIJN1ZKKUkWrjsRzxIVM363-LE,"['museum', 'point_of_interest', 'establishment']"
P053,MUSEUMS,Indian Military Museum,ChIJXx3q3WsWrjsR_Qw3odPlMXM,12.985431,77.5901716,https://maps.gstatic.com/mapfiles/place_api/icons/museum-71.png,4.3,ChIJXx3q3WsWrjsR_Qw3odPlMXM,"['museum', 'point_of_interest', 'establishment']"
P054,MUSEUMS,Girias Children's Explorium,ChIJMw58wREUrjsRKp6vyEhKxtU,12.954158,77.640965,https://maps.gstatic.com/mapfiles/place_api/icons/generic_business-71.png,3.4,ChIJMw58wREUrjsRKp6vyEhKxtU,"['museum', 'point_of_interest', 'establishment']"
P055,MUSEUMS,Tipu Sultan's Summer Palace,ChIJAeY0tOQVrjsRdZ8hleP7aRo,12.9595363,77.5738071,https://maps.gstatic.com/mapfiles/place_api/icons/generic_business-71.png,3.9,ChIJAeY0tOQVrjsRdZ8hleP7aRo,"['premise', 'museum', 'point_of_interest', 'establishment']"
P056,MUSEUMS,Click Art Museum,ChIJ____AAoSrjsR57YtXD8oZWs,12.9572489,77.7450293,https://maps.gstatic.com/mapfiles/place_api/icons/museum-71.png,4.1,ChIJ____AAoSrjsR57YtXD8oZWs,"['museum', 'point_of_interest', 'establishment']"
P057,MUSEUMS,Shaswathi Womens Heritage Museum,ChIJ3yDq1JkVrjsRqJXFlrZPP08,12.93251,77.581607,https://maps.gstatic.com/mapfiles/place_api/icons/museum-71.png,4.2,ChIJ3yDq1JkVrjsRqJXFlrZPP08,"['museum', 'point_of_interest', 'establishment']"
P058,MUSEUMS,RAMANEEYA MUSEUM,ChIJLUaPjvIjrjsRVPEzsofsGMQ,13.1340169,77.5170764,https://maps.gstatic.com/mapfiles/place_api/icons/museum-71.png,4.7,ChIJLUaPjvIjrjsRVPEzsofsGMQ,"['museum', 'point_of_interest', 'establishment']"
P059,MUSEUMS,MKF Museum of Art,ChIJO1o3Mq4XrjsR7_RKJQ0Uu6A,12.9707058,77.5977542,https://maps.gstatic.com/mapfiles/place_api/icons/museum-71.png,1,ChIJO1o3Mq4XrjsR7_RKJQ0Uu6A,"['museum', 'point_of_interest', 'establishment']"
P060,MUSEUMS,Department of Archaeology and Museums,ChIJqyoigt8VrjsRruQyccBZzHI,12.9746647,77.5958746,https://maps.gstatic.com/mapfiles/place_api/icons/museum-71.png,4.2,ChIJqyoigt8VrjsRruQyccBZzHI,"['museum', 'point_of_interest', 'establishment']"
P061,MUSEUMS,Vintage Car Park,ChIJS7i3VTQVrjsR-jN1AS5Xu08,12.8867282,77.6115926,https://maps.gstatic.com/mapfiles/place_api/icons/museum-71.png,4.3,ChIJS7i3VTQVrjsR-jN1AS5Xu08,"['museum', 'point_of_interest', 'establishment']"
P062,MUSEUMS,ReReeti,ChIJr2NetioUrjsRZ3KRf-mqu-U,12.965705,77.6000961,https://maps.gstatic.com/mapfiles/place_api/icons/museum-71.png,5,ChIJr2NetioUrjsRZ3KRf-mqu-U,"['museum', 'point_of_interest', 'establishment']"
P063,MUSEUMS,NIMHANS Heritage Museum,ChIJWerYmbkVrjsRamTovMS-Mms,12.9399218,77.5950726,https://maps.gstatic.com/mapfiles/place_api/icons/museum-71.png,4.4,ChIJWerYmbkVrjsRamTovMS-Mms,"['museum', 'point_of_interest', 'establishment']"
P064,GALLERIES,"National Gallery of Modern Art, Bangalore",ChIJqZQybIEWrjsRezNLL4Ju2Gk,12.9894116,77.5880553,https://maps.gstatic.com/mapfiles/place_api/icons/generic_business-71.png,4.4,ChIJqZQybIEWrjsRezNLL4Ju2Gk,"['art_gallery', 'library', 'museum', 'cafe', 'food', 'store', 'point_of_interest', 'establishment']"
P065,GALLERIES,Peepletree Art Gallery,ChIJEWbkzzUWrjsRq3Lcbg-aPlo,13.0068908,77.5826262,https://maps.gstatic.com/mapfiles/place_api/icons/generic_business-71.png,4.3,ChIJEWbkzzUWrjsRq3Lcbg-aPlo,"['art_gallery', 'museum', 'point_of_interest', 'establishment']"
P066,GALLERIES,Rail Cartoon Gallery,ChIJb-sr3ucXrjsR0lfr_2Fmylc,12.9789453,77.5685426,https://maps.gstatic.com/mapfiles/place_api/icons/museum-71.png,4.5,ChIJb-sr3ucXrjsR0lfr_2Fmylc,"['museum', 'point_of_interest', 'establishment']"
P067,GALLERIES,SHADES CREATIVE GALLERY,ChIJdwCpT10UrjsR158jIk25vhU,12.9367029,77.615158,https://maps.gstatic.com/mapfiles/place_api/icons/generic_business-71.png,4.4,ChIJdwCpT10UrjsR158jIk25vhU,"['art_gallery', 'museum', 'store', 'point_of_interest', 'establishment']"
P068,GALLERIES,Department of Archaeology and Museums,ChIJqyoigt8VrjsRruQyccBZzHI,12.9746647,77.5958746,https://maps.gstatic.com/mapfiles/place_api/icons/museum-71.png,4.2,ChIJqyoigt8VrjsRruQyccBZzHI,"['museum', 'point_of_interest', 'establishment']"
P069,GALLERIES,Cauvery Karnataka State Arts & Craft Emporium,ChIJK8iuh5gVrjsRTgYhtCePiGI,12.9294368,77.5824415,https://maps.gstatic.com/mapfiles/place_api/icons/generic_business-71.png,4.4,ChIJK8iuh5gVrjsRTgYhtCePiGI,"['art_gallery', 'museum', 'point_of_interest', 'establishment']"
P070,GALLERIES,Matsya Loka Aquarium Gallery,ChIJl-pLdpMXrjsR-9wAlevL0Ow,13.0412376,77.5876252,https://maps.gstatic.com/mapfiles/place_api/icons/museum-71.png,3.9,ChIJl-pLdpMXrjsR-9wAlevL0Ow,"['museum', 'point_of_interest', 'establishment']"
P071,GALLERIES,Click Art Museum,ChIJ____AAoSrjsR57YtXD8oZWs,12.9572489,77.7450293,https://maps.gstatic.com/mapfiles/place_api/icons/museum-71.png,4.1,ChIJ____AAoSrjsR57YtXD8oZWs,"['museum', 'point_of_interest', 'establishment']"
P072,GALLERIES,"Jennard Galleries(Art Galleries in Bangalore,Galleries)",ChIJkQNFazEWrjsR66Q68xhNTqE,13.004565,77.577399,https://maps.gstatic.com/mapfiles/place_api/icons/generic_business-71.png,4.5,ChIJkQNFazEWrjsR66Q68xhNTqE,"['art_gallery', 'point_of_interest', 'establishment']"
P073,GALLERIES,Chitra Sante,ChIJl1LdKz4WrjsREeNO-QKA5ME,12.9894377,77.5816874,https://maps.gstatic.com/mapfiles/place_api/icons/museum-71.png,4.3,ChIJl1LdKz4WrjsREeNO-QKA5ME,"['museum', 'point_of_interest', 'establishment']"
P074,GALLERIES,Shades Creative Learning,ChIJra63XU4UrjsRMq7Cx5f4kxU,12.9367078,77.6151631,https://maps.gstatic.com/mapfiles/place_api/icons/school-71.png,5,ChIJra63XU4UrjsRMq7Cx5f4kxU,"['art_gallery', 'museum', 'store', 'point_of_interest', 'establishment']"
P075,GALLERIES,Shalom Arts and Crafts,ChIJwXVsFtoWrjsRqMIayXPf05U,12.9980124,77.6478852,https://maps.gstatic.com/mapfiles/place_api/icons/generic_business-71.png,3,ChIJwXVsFtoWrjsRqMIayXPf05U,"['art_gallery', 'museum', 'point_of_interest', 'establishment']"
P076,GALLERIES,Fear Tattoo Studio,ChIJ58mTYtsXrjsRCsmI6NWVn48,13.0281185,77.5714471,https://maps.gstatic.com/mapfiles/place_api/icons/shopping-71.png,4.8,ChIJ58mTYtsXrjsRCsmI6NWVn48,"['art_gallery', 'museum', 'store', 'point_of_interest', 'establishment']"
P077,GALLERIES,Visvesvaraya Industrial & Technological Museum,ChIJqyoigt8VrjsRp_hKR5Y_1X8,12.9752264,77.5963449,https://maps.gstatic.com/mapfiles/place_api/icons/museum-71.png,4.6,ChIJqyoigt8VrjsRp_hKR5Y_1X8,"['museum', 'point_of_interest', 'establishment']"
P078,GALLERIES,Karnataka Chitrakala Parishath,ChIJzRxhID4WrjsRMW9WwS2aSzo,12.9891331,77.580568,https://maps.gstatic.com/mapfiles/place_api/icons/generic_business-71.png,4.5,ChIJzRxhID4WrjsRMW9WwS2aSzo,"['art_gallery', 'point_of_interest', 'establishment']"
P079,GALLERIES,Mahua- The Art Gallery,ChIJHVbghjYWrjsRIqRh_LqfGIc,13.005591,77.5816385,https://maps.gstatic.com/mapfiles/place_api/icons/generic_business-71.png,4.2,ChIJHVbghjYWrjsRIqRh_LqfGIc,"['art_gallery', 'point_of_interest', 'establishment']"
P080,GALLERIES,Venkatappa Art Gallery,ChIJKW2JvnAWrjsRUhxNZVxBjBc,12.9742357,77.5953023,https://maps.gstatic.com/mapfiles/place_api/icons/generic_business-71.png,4.1,ChIJKW2JvnAWrjsRUhxNZVxBjBc,"['art_gallery', 'point_of_interest', 'establishment']"
P081,GALLERIES,Gallery Sumukha,ChIJ27LMccUVrjsRxUulUOJ-M28,12.9534089,77.5943291,https://maps.gstatic.com/mapfiles/place_api/icons/generic_business-71.png,3.9,ChIJ27LMccUVrjsRxUulUOJ-M28,"['art_gallery', 'point_of_interest', 'establishment']"
P082,GALLERIES,Life on Wall Art Gallery,ChIJ5ekDVPERrjsRRL8T1CnB3Dc,12.979583,77.728371,https://maps.gstatic.com/mapfiles/place_api/icons/generic_business-71.png,4.4,ChIJ5ekDVPERrjsRRL8T1CnB3Dc,"['art_gallery', 'general_contractor', 'point_of_interest', 'establishment']"
P083,GALLERIES,Crimson Art Gallery,ChIJwwCLo2gWrjsRcgo78Q-NZxk,12.9850893,77.5956845,https://maps.gstatic.com/mapfiles/place_api/icons/generic_business-71.png,4.2,ChIJwwCLo2gWrjsRcgo78Q-NZxk,"['art_gallery', 'point_of_interest', 'establishment']"
P084,WILDLIFE,Bannerghatta Biological Park,ChIJsW0ZC-BprjsRXzqh_3gub08,12.800285,77.5770474,https://maps.gstatic.com/mapfiles/place_api/icons/generic_recreational-71.png,4.1,ChIJsW0ZC-BprjsRXzqh_3gub08,"['zoo', 'park', 'point_of_interest', 'establishment']"
P085,WILDLIFE,Wildlife hospital,ChIJL7ZvITo_rjsRL3MbAgGv5_I,12.9037204,77.4978164,https://maps.gstatic.com/mapfiles/place_api/icons/generic_business-71.png,4.5,ChIJL7ZvITo_rjsRL3MbAgGv5_I,"['point_of_interest', 'establishment']"
P086,WILDLIFE,Wildlife Rescue & Rehabilitation Centre - Admin Office,ChIJ_aIqvZcWrjsR-jXDxbwkFv0,12.981715,77.628559,https://maps.gstatic.com/mapfiles/place_api/icons/generic_business-71.png,1.8,ChIJ_aIqvZcWrjsR-jXDxbwkFv0,"['point_of_interest', 'establishment']"
P087,WILDLIFE,Wildlife Conservation Society - India,ChIJPU87eH8VrjsR1vj_IBtICm8,13.0693685,77.5825618,https://maps.gstatic.com/mapfiles/place_api/icons/generic_business-71.png,4.5,ChIJPU87eH8VrjsR1vj_IBtICm8,"['point_of_interest', 'establishment']"
P088,WILDLIFE,Avian and Reptile Rehabilitation Centre,ChIJwb048dEQrjsRsVkMCmJCjog,13.0205198,77.6581767,https://maps.gstatic.com/mapfiles/place_api/icons/generic_business-71.png,4.8,ChIJwb048dEQrjsRsVkMCmJCjog,"['point_of_interest', 'establishment']"
P089,WILDLIFE,WASI,ChIJQxxKuykUrjsRUTm4db3mpgE,12.9660941,77.6153919,https://maps.gstatic.com/mapfiles/place_api/icons/generic_business-71.png,3.7,ChIJQxxKuykUrjsRUTm4db3mpgE,"['point_of_interest', 'establishment']"
P090,WILDLIFE,Wildlife Rescue And Rehabilitation Centre (WRRC),ChIJten86T1qrjsR1AjQKDHyydE,12.802023,77.5862844,https://maps.gstatic.com/mapfiles/place_api/icons/generic_business-71.png,4.5,ChIJten86T1qrjsR1AjQKDHyydE,"['veterinary_care', 'point_of_interest', 'establishment']"
P091,WILDLIFE,Bison in Africa,ChIJWTstbtYVrjsRvvNW1nFaK6U,12.965577,77.6013041,https://maps.gstatic.com/mapfiles/place_api/icons/generic_recreational-71.png,5,ChIJWTstbtYVrjsRvvNW1nFaK6U,"['park', 'point_of_interest', 'establishment']"
P092,WILDLIFE,Bannerghatta Safari,ChIJNWVq8gFCrjsRsA77LtMNk8w,12.7826046,77.5569265,https://maps.gstatic.com/mapfiles/place_api/icons/generic_business-71.png,4.3,ChIJNWVq8gFCrjsRsA77LtMNk8w,"['point_of_interest', 'establishment']"
P093,WILDLIFE,Wildlife Museum,ChIJg1llcxFqrjsROp5Iv0XZEUg,12.8013037,77.576672,https://maps.gstatic.com/mapfiles/place_api/icons/generic_business-71.png,4.3,ChIJg1llcxFqrjsROp5Iv0XZEUg,"['zoo', 'point_of_interest', 'establishment']"
P094,WILDLIFE,Wildlife,ChIJM6uq6uETrjsRjvonfXNXKUo,12.9691779,77.6702235,https://maps.gstatic.com/mapfiles/place_api/icons/generic_business-71.png,0,ChIJM6uq6uETrjsRjvonfXNXKUo,"['travel_agency', 'point_of_interest', 'establishment']"
P095,WILDLIFE,Centre For Wildlife Studies,ChIJP74ysnEXrjsRbdicBjG7k2U,12.974809,77.616254,https://maps.gstatic.com/mapfiles/place_api/icons/generic_business-71.png,5,ChIJP74ysnEXrjsRbdicBjG7k2U,"['point_of_interest', 'establishment']"
P096,WILDLIFE,wildlife rescue,ChIJh0T0zFkjrjsRfNiaP7XZCaI,13.0787588,77.5526891,https://maps.gstatic.com/mapfiles/place_api/icons/generic_business-71.png,5,ChIJh0T0zFkjrjsRfNiaP7XZCaI,"['point_of_interest', 'establishment']"
P097,WILDLIFE,INDIAN WILDLIFE RESCUE TRUST,ChIJiYqsmkcRrjsR5cL0KqNgLjY,12.9925698,77.6672407,https://maps.gstatic.com/mapfiles/place_api/icons/generic_business-71.png,5,ChIJiYqsmkcRrjsR5cL0KqNgLjY,"['point_of_interest', 'establishment']"
P098,WILDLIFE,Wildlife First,ChIJBQT7racVrjsRj5mkJFqhZU0,12.924477,77.594143,https://maps.gstatic.com/mapfiles/place_api/icons/civic_building-71.png,1,ChIJBQT7racVrjsRj5mkJFqhZU0,"['point_of_interest', 'establishment']"
P099,WILDLIFE,Wildlife Conservation & You,ChIJtZhIuv4NrjsRoLsYY5KKbME,12.9698066,77.7499633,https://maps.gstatic.com/mapfiles/place_api/icons/generic_business-71.png,0,ChIJtZhIuv4NrjsRoLsYY5KKbME,"['point_of_interest', 'establishment']"
P100,WILDLIFE,World Wildlife Trust,ChIJYzmxKnM9rjsRBQyouI-4ZQM,13.0181354,77.539042,https://maps.gstatic.com/mapfiles/place_api/icons/generic_business-71.png,0,ChIJYzmxKnM9rjsRBQyouI-4ZQM,"['point_of_interest', 'establishment']"
P101,WILDLIFE,Wildlife Rescue & Rehabilitation Centre,ChIJAQAAQNQVrjsRyTsQj9WG7wk,12.9742392,77.6218422,https://maps.gstatic.com/mapfiles/place_api/icons/generic_business-71.png,3,ChIJAQAAQNQVrjsRyTsQj9WG7wk,"['point_of_interest', 'establishment']"
P102,WILDLIFE,"Nature Conservation Foundation, South Bangalore Branch",ChIJSQKMDCo-rjsRCKcJF-sD8Bc,12.9209744,77.5665407,https://maps.gstatic.com/mapfiles/place_api/icons/generic_business-71.png,4.8,ChIJSQKMDCo-rjsRCKcJF-sD8Bc,"['point_of_interest', 'establishment']"
P103,WILDLIFE,Vanamitra,ChIJ42yrWykWrjsRJEsCaB7oobc,13.0474127,77.5656044,https://maps.gstatic.com/mapfiles/place_api/icons/generic_business-71.png,3.5,ChIJ42yrWykWrjsRJEsCaB7oobc,"['point_of_interest', 'establishment']"
P104,AMUSEMENT PARKS,Wonderla Bangalore,ChIJW3Or_8dHrjsROESo0OikUl4,12.8345559,77.4009719,https://maps.gstatic.com/mapfiles/place_api/icons/generic_business-71.png,4.5,ChIJW3Or_8dHrjsROESo0OikUl4,"['amusement_park', 'point_of_interest', 'establishment']"
P105,AMUSEMENT PARKS,Fun World Amusement Park,ChIJLxh4XLUXrjsRZiRoXxUVbdQ,13.007631,77.591922,https://maps.gstatic.com/mapfiles/place_api/icons/generic_business-71.png,4,ChIJLxh4XLUXrjsRZiRoXxUVbdQ,"['amusement_park', 'bowling_alley', 'point_of_interest', 'establishment']"
P106,AMUSEMENT PARKS,Innovative Film City,ChIJXw7H3ddFrjsR6dGTyCB3E1E,12.777992,77.4150754,https://maps.gstatic.com/mapfiles/place_api/icons/generic_business-71.png,3.2,ChIJXw7H3ddFrjsR6dGTyCB3E1E,"['amusement_park', 'point_of_interest', 'establishment']"
P107,AMUSEMENT PARKS,Snow City,ChIJNcKzmE4WrjsRW2a7MA-1Zrs,13.0057596,77.5920609,https://maps.gstatic.com/mapfiles/place_api/icons/generic_business-71.png,3.9,ChIJNcKzmE4WrjsRW2a7MA-1Zrs,"['amusement_park', 'point_of_interest', 'establishment']"
P108,AMUSEMENT PARKS,Lumbini Gardens,ChIJLW9DVZEXrjsRc7QNiDwPwSU,13.0434124,77.6096254,https://maps.gstatic.com/mapfiles/place_api/icons/generic_business-71.png,3.6,ChIJLW9DVZEXrjsRc7QNiDwPwSU,"['amusement_park', 'point_of_interest', 'establishment']"
P109,AMUSEMENT PARKS,Water World,ChIJh2l_F0wWrjsR2JQjZege8jw,13.0072151,77.5916265,https://maps.gstatic.com/mapfiles/place_api/icons/generic_business-71.png,4.2,ChIJh2l_F0wWrjsR2JQjZege8jw,"['amusement_park', 'point_of_interest', 'establishment']"
P110,AMUSEMENT PARKS,Jawahar Bal Bhavan,ChIJpVgFgnEWrjsROefgbD0q5EQ,12.9767893,77.5978333,https://maps.gstatic.com/mapfiles/place_api/icons/generic_business-71.png,4,ChIJpVgFgnEWrjsROefgbD0q5EQ,"['amusement_park', 'point_of_interest', 'establishment']"
P111,AMUSEMENT PARKS,Greenland Amusements,ChIJecA-oA8WrjsRvjYLreHBiDE,12.9442157,77.5971039,https://maps.gstatic.com/mapfiles/place_api/icons/generic_business-71.png,3.8,ChIJecA-oA8WrjsRvjYLreHBiDE,"['amusement_park', 'point_of_interest', 'establishment']"
P112,AMUSEMENT PARKS,Children Amusement Park,ChIJZ4QDyI0UrjsRR_FeFL_bwDA,12.9147826,77.6350183,https://maps.gstatic.com/mapfiles/place_api/icons/generic_business-71.png,3.2,ChIJZ4QDyI0UrjsRR_FeFL_bwDA,"['amusement_park', 'point_of_interest', 'establishment']"
P113,AMUSEMENT PARKS,Krishna Leela Theme Park (ISKCON),ChIJf_bzw-4_rjsR3OFnEnt07ys,12.8903752,77.5466082,https://maps.gstatic.com/mapfiles/place_api/icons/generic_business-71.png,4.6,ChIJf_bzw-4_rjsR3OFnEnt07ys,"['amusement_park', 'point_of_interest', 'establishment']"
P114,AMUSEMENT PARKS,DeRoots Kids Amusement Park Bangalore,ChIJbXmtpUpqrjsR4ct0ocaVvZA,12.8097014,77.6071031,https://maps.gstatic.com/mapfiles/place_api/icons/generic_business-71.png,3.9,ChIJbXmtpUpqrjsR4ct0ocaVvZA,"['amusement_park', 'restaurant', 'food', 'point_of_interest', 'establishment']"
P115,AMUSEMENT PARKS,Janatha Bazaar Park,ChIJf_Cy0jUWrjsRy9S79MHEDCk,13.0067688,77.5820908,https://maps.gstatic.com/mapfiles/place_api/icons/generic_business-71.png,4.6,ChIJf_Cy0jUWrjsRy9S79MHEDCk,"['amusement_park', 'point_of_interest', 'establishment']"
P116,AMUSEMENT PARKS,Lalbagh Lake,ChIJJQ0QyOsVrjsRzsgVSKFpNQo,12.9482385,77.581335,https://maps.gstatic.com/mapfiles/place_api/icons/generic_business-71.png,4.4,ChIJJQ0QyOsVrjsRzsgVSKFpNQo,"['amusement_park', 'point_of_interest', 'establishment']"
P117,AMUSEMENT PARKS,Sky Zone Bengaluru,ChIJ7Rw85rURrjsRi_y5cQTAjww,12.9894726,77.7280163,https://maps.gstatic.com/mapfiles/place_api/icons/generic_business-71.png,4.4,ChIJ7Rw85rURrjsRi_y5cQTAjww,"['amusement_park', 'point_of_interest', 'establishment']"
P118,AMUSEMENT PARKS,cylone ride water world,ChIJOy5UBUwWrjsREywGJKbku2E,13.0072884,77.5912934,https://maps.gstatic.com/mapfiles/place_api/icons/generic_business-71.png,4.2,ChIJOy5UBUwWrjsREywGJKbku2E,"['amusement_park', 'point_of_interest', 'establishment']"
P119,PLACES OF WORSHIP,Shivoham Shiva Temple,ChIJbyyIePcTrjsRqwxMqUKA4xQ,12.958333,77.656531,https://maps.gstatic.com/mapfiles/place_api/icons/worship_hindu-71.png,4.1,ChIJbyyIePcTrjsRqwxMqUKA4xQ,"['hindu_temple', 'place_of_worship', 'point_of_interest', 'establishment']"
P120,PLACES OF WORSHIP,Shree Dodda Ganapathi Temple,ChIJpbprrowVrjsRFme9nlnRtJg,12.942898,77.5681966,https://maps.gstatic.com/mapfiles/place_api/icons/worship_hindu-71.png,4.7,ChIJpbprrowVrjsRFme9nlnRtJg,"['hindu_temple', 'place_of_worship', 'point_of_interest', 'establishment']"
P121,PLACES OF WORSHIP,ISKCON Temple Bangalore,ChIJBw42C-09rjsRs7KmQUqyf3o,13.0098328,77.5510964,https://maps.gstatic.com/mapfiles/place_api/icons/worship_hindu-71.png,4.6,ChIJBw42C-09rjsRs7KmQUqyf3o,"['hindu_temple', 'place_of_worship', 'point_of_interest', 'establishment']"
P122,PLACES OF WORSHIP,Shrunga Giri Sri Shanmukha Swamy Temple,ChIJUdp6-qQ_rjsR8WyIPF5_QgA,12.9125766,77.5290839,https://maps.gstatic.com/mapfiles/place_api/icons/worship_hindu-71.png,4.7,ChIJUdp6-qQ_rjsR8WyIPF5_QgA,"['hindu_temple', 'place_of_worship', 'point_of_interest', 'establishment']"
P123,PLACES OF WORSHIP,Sri Someshwara Swamy Temple,ChIJfR306JsWrjsREJCyldyPh4c,12.9755938,77.6239549,https://maps.gstatic.com/mapfiles/place_api/icons/worship_hindu-71.png,4.7,ChIJfR306JsWrjsREJCyldyPh4c,"['hindu_temple', 'place_of_worship', 'point_of_interest', 'establishment']"
P124,PLACES OF WORSHIP,Sri Dharmaraya Swamy Temple,ChIJ22vBPuAVrjsRMyCE1XIn0s8,12.9654326,77.583385,https://maps.gstatic.com/mapfiles/place_api/icons/worship_hindu-71.png,4.7,ChIJ22vBPuAVrjsRMyCE1XIn0s8,"['hindu_temple', 'place_of_worship', 'point_of_interest', 'establishment']"
P125,PLACES OF WORSHIP,Sri Gavi Gangadhareshwara Swamy Temple,ChIJh6gk5PUVrjsRT9dhFc5-nrI,12.9480993,77.5629871,https://maps.gstatic.com/mapfiles/place_api/icons/worship_hindu-71.png,4.7,ChIJh6gk5PUVrjsRT9dhFc5-nrI,"['hindu_temple', 'place_of_worship', 'point_of_interest', 'establishment']"
P126,PLACES OF WORSHIP,Shree Banashankari Amma Temple,ChIJsYbhsyU-rjsRDwAGdDJ3AFM,12.9157775,77.573381,https://maps.gstatic.com/mapfiles/place_api/icons/worship_hindu-71.png,4.7,ChIJsYbhsyU-rjsRDwAGdDJ3AFM,"['hindu_temple', 'place_of_worship', 'point_of_interest', 'establishment']"
P127,PLACES OF WORSHIP,Cave Temple,ChIJ_5bFLNNqrjsRa83ZJS8XDSA,12.8771015,77.5993367,https://maps.gstatic.com/mapfiles/place_api/icons/worship_hindu-71.png,4.5,ChIJ_5bFLNNqrjsRa83ZJS8XDSA,"['hindu_temple', 'place_of_worship', 'point_of_interest', 'establishment']"
P128,PLACES OF WORSHIP,Kote Venkataramana Swamy Temple,ChIJ3SALuuQVrjsRbP88lmRxuZs,12.9595137,77.5743092,https://maps.gstatic.com/mapfiles/place_api/icons/worship_hindu-71.png,4.7,ChIJ3SALuuQVrjsRbP88lmRxuZs,"['hindu_temple', 'place_of_worship', 'point_of_interest', 'establishment']"
P129,PLACES OF WORSHIP,Sri Dwadasha Jyotirlinga Temple,ChIJgTCp6Q0_rjsR8p5Ai01OtCw,12.899842,77.5058731,https://maps.gstatic.com/mapfiles/place_api/icons/worship_hindu-71.png,4.6,ChIJgTCp6Q0_rjsR8p5Ai01OtCw,"['hindu_temple', 'place_of_worship', 'point_of_interest', 'establishment']"
P130,PLACES OF WORSHIP,ISKCON Sri Jagannath Swamy Temple,ChIJo06CADwWrjsRU9hPqpoS1Lg,12.993895,77.5791517,https://maps.gstatic.com/mapfiles/place_api/icons/worship_hindu-71.png,4.7,ChIJo06CADwWrjsRU9hPqpoS1Lg,"['hindu_temple', 'place_of_worship', 'point_of_interest', 'establishment']"
P131,PLACES OF WORSHIP,Sri Dakshinamukha Nandi Tirtha Kalyani Kshetra,ChIJ93YkFi4WrjsR5VI05lrnaiA,13.0043516,77.5724463,https://maps.gstatic.com/mapfiles/place_api/icons/worship_hindu-71.png,4.8,ChIJ93YkFi4WrjsR5VI05lrnaiA,"['hindu_temple', 'place_of_worship', 'point_of_interest', 'establishment']"
P132,PLACES OF WORSHIP,Lakshmi Narasimha Swamy Temple,ChIJkRvvRqEXrjsRvbpwDpQ8bZA,13.0317887,77.6032153,https://maps.gstatic.com/mapfiles/place_api/icons/worship_hindu-71.png,4.7,ChIJkRvvRqEXrjsRvbpwDpQ8bZA,"['hindu_temple', 'place_of_worship', 'point_of_interest', 'establishment']"
P133,PLACES OF WORSHIP,Sree Chokkanatha Swamy Temple,ChIJARolOxkUrjsR2DvgjdxhFlU,12.9624143,77.6350356,https://maps.gstatic.com/mapfiles/place_api/icons/worship_hindu-71.png,4.6,ChIJARolOxkUrjsR2DvgjdxhFlU,"['hindu_temple', 'place_of_worship', 'point_of_interest', 'establishment']"
P134,PLACES OF WORSHIP,Shiva Temple,ChIJGR31ZngVrjsRngjPFaIEUEM,12.9197118,77.5710659,https://maps.gstatic.com/mapfiles/place_api/icons/worship_hindu-71.png,4.1,ChIJGR31ZngVrjsRngjPFaIEUEM,"['hindu_temple', 'place_of_worship', 'point_of_interest', 'establishment']"
P135,PLACES OF WORSHIP,Ragigudda Sri Prasanna Anjaneyaswamy Temple,ChIJBwLj4g4VrjsRerGf4HTVPUc,12.9142864,77.593172,https://maps.gstatic.com/mapfiles/place_api/icons/worship_hindu-71.png,4.7,ChIJBwLj4g4VrjsRerGf4HTVPUc,"['hindu_temple', 'place_of_worship', 'point_of_interest', 'establishment']"
P136,PLACES OF WORSHIP,Sree Surya Narayana Swamy Temple,ChIJKwGhAxEUrjsRHf6F5-OGc3g,12.9548302,77.6385318,https://maps.gstatic.com/mapfiles/place_api/icons/worship_hindu-71.png,4.7,ChIJKwGhAxEUrjsRHf6F5-OGc3g,"['hindu_temple', 'place_of_worship', 'point_of_interest', 'establishment']"
P137,PLACES OF WORSHIP,Jagannatha Temple Bengaluru,ChIJoy2f-ZsUrjsRbITDpwEDuhA,12.9240881,77.6496264,https://maps.gstatic.com/mapfiles/place_api/icons/worship_hindu-71.png,4.6,ChIJoy2f-ZsUrjsRbITDpwEDuhA,"['hindu_temple', 'place_of_worship', 'point_of_interest', 'establishment']"
P138,PLACES OF WORSHIP,Devagiri Varapada Sree Venkateshwara Temple,ChIJ--L-_YMVrjsR0Hnxo5zbFC4,12.9259169,77.5678223,https://maps.gstatic.com/mapfiles/place_api/icons/worship_hindu-71.png,4.7,ChIJ--L-_YMVrjsR0Hnxo5zbFC4,"['hindu_temple', 'place_of_worship', 'point_of_interest', 'establishment']"
P139,PLACES OF WORSHIP,St. Patrick's Church,ChIJP3DMwH8WrjsRwI1WnfVpMLo,12.9701534,77.6058988,https://maps.gstatic.com/mapfiles/place_api/icons/worship_general-71.png,4.6,ChIJP3DMwH8WrjsRwI1WnfVpMLo,"['church', 'place_of_worship', 'point_of_interest', 'establishment']"
P140,PLACES OF WORSHIP,Infant Jesus Church,ChIJlTBafjoUrjsRc99a3-6HCY4,12.9536733,77.6187677,https://maps.gstatic.com/mapfiles/place_api/icons/worship_general-71.png,4.7,ChIJlTBafjoUrjsRc99a3-6HCY4,"['church', 'place_of_worship', 'point_of_interest', 'establishment']"
P141,PLACES OF WORSHIP,"City Harvest AG Church, Bangalore",ChIJ62dIVj0XrjsRLo3X7ZQaBNU,13.0251039,77.628761,https://maps.gstatic.com/mapfiles/place_api/icons/worship_general-71.png,4.7,ChIJ62dIVj0XrjsRLo3X7ZQaBNU,"['church', 'place_of_worship', 'point_of_interest', 'establishment']"
P142,PLACES OF WORSHIP,St. Andrew's Presbyterian Church,ChIJxV_tL30WrjsRS4Sl5WklBvE,12.9792462,77.604275,https://maps.gstatic.com/mapfiles/place_api/icons/worship_general-71.png,4.5,ChIJxV_tL30WrjsRS4Sl5WklBvE,"['church', 'place_of_worship', 'point_of_interest', 'establishment']"
P143,PLACES OF WORSHIP,All Peoples Church Central,ChIJ7aYylH4WrjsRlAAPnx8mx1A,12.9720522,77.6040556,https://maps.gstatic.com/mapfiles/place_api/icons/worship_general-71.png,4.7,ChIJ7aYylH4WrjsRlAAPnx8mx1A,"['church', 'place_of_worship', 'point_of_interest', 'establishment']"
P144,PLACES OF WORSHIP,All Peoples Church & World Outreach Office,ChIJHV5YTi8XrjsRZ1V7LTpY1WU,13.0208806,77.6430362,https://maps.gstatic.com/mapfiles/place_api/icons/worship_general-71.png,4.7,ChIJHV5YTi8XrjsRZ1V7LTpY1WU,"['church', 'place_of_worship', 'point_of_interest', 'establishment']"
P145,PLACES OF WORSHIP,St.Lukes Church,ChIJK_wFQ_sVrjsRFWf7AAfCz1c,12.9596719,77.5722407,https://maps.gstatic.com/mapfiles/place_api/icons/worship_general-71.png,4.5,ChIJK_wFQ_sVrjsRFWf7AAfCz1c,"['church', 'place_of_worship', 'point_of_interest', 'establishment']"
P146,PLACES OF WORSHIP,All Peoples Church (South),ChIJlY_pqp0VrjsR9tbD5SUmoSI,12.9295737,77.5737647,https://maps.gstatic.com/mapfiles/place_api/icons/worship_general-71.png,4.5,ChIJlY_pqp0VrjsR9tbD5SUmoSI,"['church', 'place_of_worship', 'point_of_interest', 'establishment']"
P147,PLACES OF WORSHIP,Bethel AG Church,ChIJnzvHmpAXrjsR7yIUIY5SYJE,13.0426964,77.5956364,https://maps.gstatic.com/mapfiles/place_api/icons/worship_general-71.png,4.8,ChIJnzvHmpAXrjsR7yIUIY5SYJE,"['church', 'place_of_worship', 'point_of_interest', 'establishment']"
P148,PLACES OF WORSHIP,Saint Anthony's Friary Church,ChIJK8BZqFsUrjsR_r8snke7nOM,12.9300866,77.6142901,https://maps.gstatic.com/mapfiles/place_api/icons/worship_general-71.png,4.6,ChIJK8BZqFsUrjsR_r8snke7nOM,"['church', 'place_of_worship', 'point_of_interest', 'establishment']"
P149,PLACES OF WORSHIP,St. George Jacobite Syriac Orthodox Church Marathahalli Bangalore,ChIJBwAAADUSrjsR_vV8LKjqrAs,12.952057,77.715572,https://maps.gstatic.com/mapfiles/place_api/icons/worship_general-71.png,4.5,ChIJBwAAADUSrjsR_vV8LKjqrAs,"['church', 'place_of_worship', 'point_of_interest', 'establishment']"
P150,PLACES OF WORSHIP,Holy Ghost Church,ChIJ6TAOPvsWrjsR6Ucq5rC6iVQ,13.0060643,77.6178573,https://maps.gstatic.com/mapfiles/place_api/icons/worship_general-71.png,4.7,ChIJ6TAOPvsWrjsR6Ucq5rC6iVQ,"['church', 'place_of_worship', 'point_of_interest', 'establishment']"
P151,PLACES OF WORSHIP,St. John's Church,ChIJnRSIo_QWrjsRAHKm4Fu0PpE,12.9917601,77.6130654,https://maps.gstatic.com/mapfiles/place_api/icons/worship_general-71.png,4.6,ChIJnRSIo_QWrjsRAHKm4Fu0PpE,"['church', 'place_of_worship', 'point_of_interest', 'establishment']"
P152,PLACES OF WORSHIP,All Saints Church,ChIJG4eRMtUVrjsROsLRSvWRnwo,12.9657758,77.6074843,https://maps.gstatic.com/mapfiles/place_api/icons/worship_general-71.png,4.4,ChIJG4eRMtUVrjsROsLRSvWRnwo,"['church', 'place_of_worship', 'point_of_interest', 'establishment']"
P153,PLACES OF WORSHIP,Agape Bible Church,ChIJib-UoOIWrjsR9Akh3glpiaA,13.0136359,77.6208839,https://maps.gstatic.com/mapfiles/place_api/icons/generic_business-71.png,4.4,ChIJib-UoOIWrjsR9Akh3glpiaA,"['place_of_worship', 'church', 'point_of_interest', 'establishment']"
P154,PLACES OF WORSHIP,Christian Fellowship Church,ChIJj5-B1poZrjsRcPgLpPawCb0,13.0962759,77.6436424,https://maps.gstatic.com/mapfiles/place_api/icons/worship_general-71.png,4.9,ChIJj5-B1poZrjsRcPgLpPawCb0,"['church', 'place_of_worship', 'point_of_interest', 'establishment']"
P155,PLACES OF WORSHIP,Hudson Memorial CSI Church,ChIJo89bgnUWrjsRj2WQ6ROQ6LY,12.9674008,77.5879109,https://maps.gstatic.com/mapfiles/place_api/icons/worship_general-71.png,4.2,ChIJo89bgnUWrjsRj2WQ6ROQ6LY,"['church', 'place_of_worship', 'point_of_interest', 'establishment']"
P156,PLACES OF WORSHIP,Sacred Heart Church,ChIJgap37CoUrjsRY0EaTkaMBZw,12.966216,77.6097836,https://maps.gstatic.com/mapfiles/place_api/icons/worship_general-71.png,4.7,ChIJgap37CoUrjsRY0EaTkaMBZw,"['church', 'place_of_worship', 'point_of_interest', 'establishment']"
P157,PLACES OF WORSHIP,St Vincent Pallotti Church,ChIJFzusB9QWrjsR1zeJuiEa2hE,13.009482,77.6482541,https://maps.gstatic.com/mapfiles/place_api/icons/worship_general-71.png,4.6,ChIJFzusB9QWrjsR1zeJuiEa2hE,"['church', 'place_of_worship', 'point_of_interest', 'establishment']"
P158,PLACES OF WORSHIP,Our Lady of the Sacred Heart Church,ChIJzy7cOXATrjsR-PFRPWJhXPI,12.915313,77.6670877,https://maps.gstatic.com/mapfiles/place_api/icons/worship_general-71.png,4.8,ChIJzy7cOXATrjsR-PFRPWJhXPI,"['church', 'place_of_worship', 'point_of_interest', 'establishment']"
P159,HOTELS,"The Ritz-Carlton, Bangalore",ChIJM-8dtHgWrjsRf8ioCwDoiv4,12.9679703,77.6016427,https://maps.gstatic.com/mapfiles/place_api/icons/lodging-71.png,4.5,ChIJM-8dtHgWrjsRf8ioCwDoiv4,"['lodging', 'point_of_interest', 'establishment']"
P160,HOTELS,The Pride Hotel,ChIJc7idFdUVrjsRhfSovBgFLeg,12.964765,77.5996337,https://maps.gstatic.com/mapfiles/place_api/icons/lodging-71.png,4.1,ChIJc7idFdUVrjsRhfSovBgFLeg,"['lodging', 'point_of_interest', 'establishment']"
P161,HOTELS,Radisson Blu Atria Bengaluru,ChIJx154PW0WrjsREG4GX2L3FuI,12.979863,77.5862753,https://maps.gstatic.com/mapfiles/place_api/icons/lodging-71.png,4.3,ChIJx154PW0WrjsREG4GX2L3FuI,"['lodging', 'point_of_interest', 'establishment']"
P162,HOTELS,JW Marriott Hotel Bengaluru,ChIJSWBhxHkWrjsRK6iI2w8G5yE,12.9723618,77.5950513,https://maps.gstatic.com/mapfiles/place_api/icons/lodging-71.png,4.5,ChIJSWBhxHkWrjsRK6iI2w8G5yE,"['lodging', 'point_of_interest', 'establishment']"
P163,HOTELS,Hotel Chalukya Bangalore,ChIJ4V2HnWsWrjsRwkL40zFBN3A,12.984703,77.587675,https://maps.gstatic.com/mapfiles/place_api/icons/lodging-71.png,3.9,ChIJ4V2HnWsWrjsRwkL40zFBN3A,"['lodging', 'point_of_interest', 'establishment']"
P164,HOTELS,"ITC Gardenia, A Luxury Collection Hotel, Bengaluru",ChIJ0xbyLN12AjoR8oTQ7QgMPlI,12.9669848,77.5955521,https://maps.gstatic.com/mapfiles/place_api/icons/lodging-71.png,4.6,ChIJ0xbyLN12AjoR8oTQ7QgMPlI,"['spa', 'lodging', 'restaurant', 'point_of_interest', 'food', 'establishment']"
P165,HOTELS,"Shangri-La Hotel, Bengaluru",ChIJA4jxFg0WrjsR5sfp5nDG6ZM,12.99187,77.588293,https://maps.gstatic.com/mapfiles/place_api/icons/lodging-71.png,4.6,ChIJA4jxFg0WrjsR5sfp5nDG6ZM,"['lodging', 'point_of_interest', 'establishment']"
P166,HOTELS,The Leela Palace,ChIJ3ZvKfAYUrjsRGuckzDe-GxE,12.96065,77.6483552,https://maps.gstatic.com/mapfiles/place_api/icons/lodging-71.png,4.6,ChIJ3ZvKfAYUrjsRGuckzDe-GxE,"['lodging', 'point_of_interest', 'establishment']"
P167,HOTELS,Hotel Bangalore Gate,ChIJQ_bMnw4WrjsRji29_auRFEo,12.9736482,77.5791937,https://maps.gstatic.com/mapfiles/place_api/icons/lodging-71.png,3.9,ChIJQ_bMnw4WrjsRji29_auRFEo,"['lodging', 'point_of_interest', 'establishment']"
P168,HOTELS,"ITC Windsor, A Luxury Collection Hotel, Bengaluru",ChIJs3wvuUAWrjsRMh9IJ0XURTM,12.9941169,77.5860041,https://maps.gstatic.com/mapfiles/place_api/icons/lodging-71.png,4.6,ChIJs3wvuUAWrjsRMh9IJ0XURTM,"['lodging', 'restaurant', 'point_of_interest', 'food', 'establishment']"
P169,HOTELS,The LaLiT Ashok Bangalore,ChIJT8Ez_z4WrjsRI75yavX6r70,12.9919749,77.581773,https://maps.gstatic.com/mapfiles/place_api/icons/lodging-71.png,4.3,ChIJT8Ez_z4WrjsRI75yavX6r70,"['lodging', 'point_of_interest', 'establishment']"
P170,HOTELS,Sheraton Grand Bangalore Hotel at Brigade Gateway,ChIJ19Gew3g9rjsRNNRcuw2GMmg,13.0127271,77.5550357,https://maps.gstatic.com/mapfiles/place_api/icons/lodging-71.png,4.5,ChIJ19Gew3g9rjsRNNRcuw2GMmg,"['lodging', 'point_of_interest', 'establishment']"
P171,HOTELS,Hotel Royal Orchid Regenta Bangalore,ChIJYTtPUegTrjsRpqFc2EauAz8,12.957351,77.6440276,https://maps.gstatic.com/mapfiles/place_api/icons/lodging-71.png,4.2,ChIJYTtPUegTrjsRpqFc2EauAz8,"['lodging', 'restaurant', 'point_of_interest', 'food', 'establishment']"
P172,HOTELS,Holiday Inn Express & Suites Bengaluru Racecourse,ChIJnZPrnREWrjsROEt759f8xI8,12.9801631,77.5785971,https://maps.gstatic.com/mapfiles/place_api/icons/lodging-71.png,4.3,ChIJnZPrnREWrjsROEt759f8xI8,"['lodging', 'point_of_interest', 'establishment']"
P173,HOTELS,The Rialto Hotel,ChIJd-HPqxEWrjsRxI4YOfXVF_Y,12.980236,77.576583,https://maps.gstatic.com/mapfiles/place_api/icons/lodging-71.png,4.1,ChIJd-HPqxEWrjsRxI4YOfXVF_Y,"['lodging', 'point_of_interest', 'establishment']"
P174,HOTELS,Le Meridien Bangalore,ChIJD4gVO0AWrjsR2tNyxMV7GA0,12.9902552,77.5861482,https://maps.gstatic.com/mapfiles/place_api/icons/lodging-71.png,4.4,ChIJD4gVO0AWrjsR2tNyxMV7GA0,"['lodging', 'point_of_interest', 'establishment']"
P175,HOTELS,Bengaluru Marriott Hotel Whitefield,ChIJixmRVfERrjsR4-QBaxZrfW8,12.9792332,77.728456,https://maps.gstatic.com/mapfiles/place_api/icons/lodging-71.png,4.4,ChIJixmRVfERrjsR4-QBaxZrfW8,"['lodging', 'point_of_interest', 'establishment']"
P176,HOTELS,Hilton Bangalore Embassy GolfLinks,ChIJFTPFYBMWrjsRD18dOGW-rXQ,12.9488741,77.6453545,https://maps.gstatic.com/mapfiles/place_api/icons/lodging-71.png,4.5,ChIJFTPFYBMWrjsRD18dOGW-rXQ,"['lodging', 'point_of_interest', 'establishment']"
P177,HOTELS,The Chancery Hotel,ChIJrZpXvnkWrjsRUKTmlkuuXHU,12.975631,77.59928,https://maps.gstatic.com/mapfiles/place_api/icons/lodging-71.png,4,ChIJrZpXvnkWrjsRUKTmlkuuXHU,"['lodging', 'point_of_interest', 'establishment']"
P178,HOTELS,Royal Orchid Central Bangalore,ChIJsbMTaYQWrjsRVxGI79pQCbY,12.9751381,77.6148365,https://maps.gstatic.com/mapfiles/place_api/icons/lodging-71.png,4,ChIJsbMTaYQWrjsRVxGI79pQCbY,"['lodging', 'point_of_interest', 'establishment']"
P179,RESTAURANTS,Oota Bangalore,ChIJh0MVLo0RrjsRSbyNYTzI0hM,12.9823862,77.7218727,https://maps.gstatic.com/mapfiles/place_api/icons/restaurant-71.png,4.4,ChIJh0MVLo0RrjsRSbyNYTzI0hM,"['restaurant', 'food', 'point_of_interest', 'establishment']"
P180,RESTAURANTS,Edo | Japanese Restaurant and Bar,ChIJqR9kB9gVrjsRucoEIhijArU,12.967252,77.595643,https://maps.gstatic.com/mapfiles/place_api/icons/restaurant-71.png,4.4,ChIJqR9kB9gVrjsRucoEIhijArU,"['bar', 'restaurant', 'food', 'point_of_interest', 'establishment']"
P181,RESTAURANTS,Flechazo | Whitefield,ChIJmxjeWPQRrjsR9S6-LsS6bhw,12.9773081,77.7248745,https://maps.gstatic.com/mapfiles/place_api/icons/restaurant-71.png,4.1,ChIJmxjeWPQRrjsR9S6-LsS6bhw,"['restaurant', 'food', 'store', 'point_of_interest', 'establishment']"
P182,RESTAURANTS,JW Kitchen,ChIJ_x_iR3cWrjsRwrvKa9lpKMA,12.9722164,77.5949172,https://maps.gstatic.com/mapfiles/place_api/icons/restaurant-71.png,4.4,ChIJ_x_iR3cWrjsRwrvKa9lpKMA,"['restaurant', 'food', 'point_of_interest', 'establishment']"
P183,RESTAURANTS,Rim Naam,ChIJC95nWoMWrjsR5xI0H01yZLA,12.9734674,77.6182098,https://maps.gstatic.com/mapfiles/place_api/icons/restaurant-71.png,4.4,ChIJC95nWoMWrjsR5xI0H01yZLA,"['restaurant', 'food', 'point_of_interest', 'establishment']"
P184,RESTAURANTS,Raj Pavilion,ChIJIRzcRT8WrjsRtXJm4UT0TuA,12.9941169,77.5860041,https://maps.gstatic.com/mapfiles/place_api/icons/restaurant-71.png,4.5,ChIJIRzcRT8WrjsRtXJm4UT0TuA,"['restaurant', 'food', 'point_of_interest', 'establishment']"
P185,RESTAURANTS,Karavalli,ChIJ5QD7Rn4WrjsRH_yAmEEDe3c,12.97232,77.608621,https://maps.gstatic.com/mapfiles/place_api/icons/restaurant-71.png,4.5,ChIJ5QD7Rn4WrjsRH_yAmEEDe3c,"['restaurant', 'food', 'point_of_interest', 'establishment']"
P186,RESTAURANTS,Sattvam Restaurant,ChIJm1G1mDYWrjsRvmk1hrhV21Y,13.0057013,77.5806293,https://maps.gstatic.com/mapfiles/place_api/icons/restaurant-71.png,4.4,ChIJm1G1mDYWrjsRvmk1hrhV21Y,"['restaurant', 'food', 'point_of_interest', 'establishment']"
P187,RESTAURANTS,Citrus,ChIJ84MVfAYUrjsRtlFdAqVxbi0,12.9602296,77.6485389,https://maps.gstatic.com/mapfiles/place_api/icons/restaurant-71.png,4.5,ChIJ84MVfAYUrjsRtlFdAqVxbi0,"['restaurant', 'food', 'point_of_interest', 'establishment']"
P188,RESTAURANTS,Persian Terrace at Sheraton Grand Bangalore Hotel at Brigade Gateway,ChIJ5xrlwng9rjsRxHEVifI7ViQ,13.0127271,77.5550357,https://maps.gstatic.com/mapfiles/place_api/icons/restaurant-71.png,4.3,ChIJ5xrlwng9rjsRxHEVifI7ViQ,"['restaurant', 'food', 'point_of_interest', 'establishment']"
P189,RESTAURANTS,Jamavar,ChIJt6I4ZQYUrjsR94dGcLTUbOc,12.9602192,77.6485175,https://maps.gstatic.com/mapfiles/place_api/icons/restaurant-71.png,4.5,ChIJt6I4ZQYUrjsR94dGcLTUbOc,"['restaurant', 'food', 'point_of_interest', 'establishment']"
P190,RESTAURANTS,The Cubbon Pavilion,ChIJBfyNCNgVrjsRqmLMmd-YQCc,12.9671752,77.596112,https://maps.gstatic.com/mapfiles/place_api/icons/restaurant-71.png,4.3,ChIJBfyNCNgVrjsRqmLMmd-YQCc,"['restaurant', 'food', 'point_of_interest', 'establishment']"
P191,RESTAURANTS,The Black Pearl,ChIJjzdGKk4UrjsRKqnBh8iwPYQ,12.9345121,77.6159997,https://maps.gstatic.com/mapfiles/place_api/icons/restaurant-71.png,4,ChIJjzdGKk4UrjsRKqnBh8iwPYQ,"['bar', 'restaurant', 'food', 'point_of_interest', 'establishment']"
P192,RESTAURANTS,The Fisherman's Wharf,ChIJjy3YH3ATrjsRm2pRI8P87bM,12.914387,77.6665168,https://maps.gstatic.com/mapfiles/place_api/icons/restaurant-71.png,4.1,ChIJjy3YH3ATrjsRm2pRI8P87bM,"['restaurant', 'food', 'point_of_interest', 'establishment']"
P193,RESTAURANTS,La Brasserie Restaurant,ChIJmYGdPEAWrjsR_qXHeiORsoQ,12.9901924,77.5865027,https://maps.gstatic.com/mapfiles/place_api/icons/restaurant-71.png,4.4,ChIJmYGdPEAWrjsR_qXHeiORsoQ,"['restaurant', 'food', 'point_of_interest', 'establishment']"
P194,RESTAURANTS,"Chianti, Indiranagar",ChIJ85IJkKcWrjsRDcVh5mERk6s,12.9699707,77.6403255,https://maps.gstatic.com/mapfiles/place_api/icons/restaurant-71.png,4.4,ChIJ85IJkKcWrjsRDcVh5mERk6s,"['bar', 'restaurant', 'food', 'point_of_interest', 'establishment']"
P195,RESTAURANTS,Truffles,ChIJdz4L2VEUrjsRvSsPGCwDl2I,12.9336352,77.614235,https://maps.gstatic.com/mapfiles/place_api/icons/restaurant-71.png,4.5,ChIJdz4L2VEUrjsRvSsPGCwDl2I,"['cafe', 'restaurant', 'food', 'point_of_interest', 'establishment']"
P196,RESTAURANTS,Yauatcha Bengaluru,ChIJyUumo5wWrjsRHLBqk6Vi9XI,12.9732218,77.620367,https://maps.gstatic.com/mapfiles/place_api/icons/restaurant-71.png,4.4,ChIJyUumo5wWrjsRHLBqk6Vi9XI,"['bar', 'bakery', 'restaurant', 'food', 'store', 'point_of_interest', 'establishment']"
P197,RESTAURANTS,Carrots Restaurant,ChIJuyWpr08UrjsR_tRuYPv6st4,12.938783,77.625797,https://maps.gstatic.com/mapfiles/place_api/icons/restaurant-71.png,4.3,ChIJuyWpr08UrjsR_tRuYPv6st4,"['restaurant', 'food', 'point_of_interest', 'establishment']"
P198,RESTAURANTS,Alto Vino,ChIJm8hEUfERrjsRQ-EH6uI41cE,12.9794677,77.7283024,https://maps.gstatic.com/mapfiles/place_api/icons/restaurant-71.png,4.4,ChIJm8hEUfERrjsRQ-EH6uI41cE,"['restaurant', 'food', 'point_of_interest', 'establishment']"
P199,BARS,"Gillys Resto Bar, Bangalore",ChIJDRTh6lEUrjsRJhhn5I6lIQ4,12.9330676,77.6145552,https://maps.gstatic.com/mapfiles/place_api/icons/bar-71.png,4.2,ChIJDRTh6lEUrjsRJhhn5I6lIQ4,"['bar', 'night_club', 'restaurant', 'food', 'point_of_interest', 'establishment']"
P200,BARS,Skyye,ChIJjfOyQ3cWrjsRz_TvsEoOQ0A,12.9714272,77.596508,https://maps.gstatic.com/mapfiles/place_api/icons/bar-71.png,4.2,ChIJjfOyQ3cWrjsRz_TvsEoOQ0A,"['night_club', 'bar', 'point_of_interest', 'establishment']"
P201,BARS,Monkey Bar,ChIJ5XPZzakWrjsRL2uOKrbxpRY,12.9704865,77.6452729,https://maps.gstatic.com/mapfiles/place_api/icons/bar-71.png,4.1,ChIJ5XPZzakWrjsRL2uOKrbxpRY,"['bar', 'restaurant', 'food', 'point_of_interest', 'establishment']"
P202,BARS,The 13th Floor,ChIJXZGjsn0WrjsRcqfimwGhocs,12.9753124,77.6050648,https://maps.gstatic.com/mapfiles/place_api/icons/bar-71.png,4.3,ChIJXZGjsn0WrjsRcqfimwGhocs,"['night_club', 'bar', 'point_of_interest', 'establishment']"
P203,BARS,Toit Brewpub,ChIJc0JAFaUWrjsRRXSXJPX7YFo,12.9792514,77.6405569,https://maps.gstatic.com/mapfiles/place_api/icons/restaurant-71.png,4.5,ChIJc0JAFaUWrjsRRXSXJPX7YFo,"['bar', 'restaurant', 'food', 'point_of_interest', 'establishment']"
P204,BARS,High Ultra Lounge,ChIJAauS2Io9rjsR1nsLNuuOMw4,13.0126719,77.5562232,https://maps.gstatic.com/mapfiles/place_api/icons/bar-71.png,4.1,ChIJAauS2Io9rjsR1nsLNuuOMw4,"['night_club', 'bar', 'restaurant', 'food', 'point_of_interest', 'establishment']"
P205,BARS,I Bar,ChIJ67AqrJwWrjsRKwix2zjFOYA,12.9740521,77.6191307,https://maps.gstatic.com/mapfiles/place_api/icons/bar-71.png,3.9,ChIJ67AqrJwWrjsRKwix2zjFOYA,"['night_club', 'bar', 'point_of_interest', 'establishment']"
P206,BARS,Church Street Social,ChIJa96pe3wWrjsR0GMgr64hzXw,12.9757069,77.6026375,https://maps.gstatic.com/mapfiles/place_api/icons/cafe-71.png,4.3,ChIJa96pe3wWrjsR0GMgr64hzXw,"['cafe', 'bar', 'food', 'point_of_interest', 'establishment']"
P207,BARS,The Black Rabbit,ChIJG5dt8acWrjsRs96loIdyaN4,12.969806,77.6410715,https://maps.gstatic.com/mapfiles/place_api/icons/restaurant-71.png,4.1,ChIJG5dt8acWrjsRs96loIdyaN4,"['night_club', 'bar', 'restaurant', 'food', 'point_of_interest', 'establishment']"
P208,BARS,Prost,ChIJwbs1iGcUrjsRLCNFL4XuhCE,12.933118,77.6307065,https://maps.gstatic.com/mapfiles/place_api/icons/restaurant-71.png,4.2,ChIJwbs1iGcUrjsRLCNFL4XuhCE,"['bar', 'restaurant', 'food', 'point_of_interest', 'establishment']"
P209,BARS,Watson's,ChIJbzdSFhEVrjsR1xWwXRixp3U,12.9065812,77.5925152,https://maps.gstatic.com/mapfiles/place_api/icons/restaurant-71.png,4,ChIJbzdSFhEVrjsR1xWwXRixp3U,"['restaurant', 'bar', 'food', 'point_of_interest', 'establishment']"
P210,BARS,Windmills Craftworks,ChIJd5CMLo0RrjsRboHwm9XNEzg,12.9823956,77.7218731,https://maps.gstatic.com/mapfiles/place_api/icons/restaurant-71.png,4.4,ChIJd5CMLo0RrjsRboHwm9XNEzg,"['night_club', 'bar', 'restaurant', 'food', 'point_of_interest', 'establishment']"
P211,BARS,Bootlegger,ChIJI6nZxnkWrjsRvi734wGp5N4,12.9712936,77.5975888,https://maps.gstatic.com/mapfiles/place_api/icons/bar-71.png,4.1,ChIJI6nZxnkWrjsRvi734wGp5N4,"['bar', 'point_of_interest', 'establishment']"
P212,BARS,Hakuna Matata,ChIJAWNPNz8VrjsRmm4btDLh1Sw,12.8941834,77.5866824,https://maps.gstatic.com/mapfiles/place_api/icons/restaurant-71.png,4.3,ChIJAWNPNz8VrjsRmm4btDLh1Sw,"['bar', 'restaurant', 'food', 'point_of_interest', 'establishment']"
P213,BARS,Arbor Brewing Company - Brewpub & Eatery,ChIJV9YdrIEWrjsRyCAygrncHJA,12.9702759,77.6108893,https://maps.gstatic.com/mapfiles/place_api/icons/restaurant-71.png,4.4,ChIJV9YdrIEWrjsRyCAygrncHJA,"['bar', 'restaurant', 'food', 'point_of_interest', 'establishment']"
P214,BARS,Loft 38,ChIJ36n9s7MWrjsR1I8y6pFw63Q,12.9711882,77.6409023,https://maps.gstatic.com/mapfiles/place_api/icons/bar-71.png,4,ChIJ36n9s7MWrjsR1I8y6pFw63Q,"['bar', 'restaurant', 'food', 'point_of_interest', 'establishment']"
P215,BARS,The Biere Club,ChIJMYFexnkWrjsRMszkT3qrDa0,12.9709519,77.5975053,https://maps.gstatic.com/mapfiles/place_api/icons/restaurant-71.png,4.3,ChIJMYFexnkWrjsRMszkT3qrDa0,"['bar', 'restaurant', 'food', 'point_of_interest', 'establishment']"
P216,BARS,Sotally Tober - Koramangala,ChIJMXkoc2cUrjsRp9LGekBf7g0,12.9317829,77.6322255,https://maps.gstatic.com/mapfiles/place_api/icons/bar-71.png,4,ChIJMXkoc2cUrjsRp9LGekBf7g0,"['bar', 'restaurant', 'food', 'point_of_interest', 'establishment']"
P217,BARS,"Liquid Bar, Hyatt Centric MG Road Bangalore",ChIJ9wOQiJwWrjsRslKa-a5KQT8,12.9740815,77.6235405,https://maps.gstatic.com/mapfiles/place_api/icons/bar-71.png,3.9,ChIJ9wOQiJwWrjsRslKa-a5KQT8,"['bar', 'night_club', 'point_of_interest', 'establishment']"
P218,BARS,Deja Vu Restaurant and Bar,ChIJfdOHVAQVrjsRDk2UpeyZFWw,12.9140622,77.5995362,https://maps.gstatic.com/mapfiles/place_api/icons/restaurant-71.png,4,ChIJfdOHVAQVrjsRDk2UpeyZFWw,"['bar', 'restaurant', 'food', 'point_of_interest', 'establishment']"
P219,STREET FOOD,Venky Kabab - Street Food Non Veg,ChIJ89Af_yc9rjsRF9q2Ap4gnN8,13.042271,77.516256,https://maps.gstatic.com/mapfiles/place_api/icons/restaurant-71.png,5,ChIJ89Af_yc9rjsRF9q2Ap4gnN8,"['restaurant', 'food', 'point_of_interest', 'establishment']"
P220,STREET FOOD,Raja Market (Night Food Street),ChIJhVFWiwkWrjsRD18DJnpqjqI,12.9677637,77.5790066,https://maps.gstatic.com/mapfiles/place_api/icons/restaurant-71.png,4.3,ChIJhVFWiwkWrjsRD18DJnpqjqI,"['restaurant', 'food', 'point_of_interest', 'establishment']"
P221,STREET FOOD,Street Foods by Punjab Grill,ChIJkyElDsNrrjsRJ51mUs88HoQ,12.8758153,77.5956604,https://maps.gstatic.com/mapfiles/place_api/icons/restaurant-71.png,3,ChIJkyElDsNrrjsRJ51mUs88HoQ,"['restaurant', 'food', 'point_of_interest', 'establishment']"
P222,STREET FOOD,Vv Puram Food Street,ChIJP9r7DDgVrjsR2qQKPiie8oI,12.950964,77.577648,https://maps.gstatic.com/mapfiles/place_api/icons/restaurant-71.png,4.3,ChIJP9r7DDgVrjsR2qQKPiie8oI,"['food', 'point_of_interest', 'establishment']"
P223,STREET FOOD,Khan Saheb Grills and Rolls,ChIJVXXw56AWrjsReU8ko_p4wbE,12.9713971,77.635011,https://maps.gstatic.com/mapfiles/place_api/icons/restaurant-71.png,3.9,ChIJVXXw56AWrjsReU8ko_p4wbE,"['restaurant', 'food', 'point_of_interest', 'establishment']"
P224,STREET FOOD,Egg Dosa - Famous Street Food,ChIJe08q8AEVrjsRlzJF1Py_fW8,12.917635,77.6069061,https://maps.gstatic.com/mapfiles/place_api/icons/restaurant-71.png,3.8,ChIJe08q8AEVrjsRlzJF1Py_fW8,"['restaurant', 'food', 'point_of_interest', 'establishment']"
P225,STREET FOOD,Chaat street,ChIJZQ_h7kMUrjsRFhS_CuTcRqw,12.93955,77.6259439,https://maps.gstatic.com/mapfiles/place_api/icons/restaurant-71.png,3.7,ChIJZQ_h7kMUrjsRFhS_CuTcRqw,"['restaurant', 'food', 'point_of_interest', 'establishment']"
P226,STREET FOOD,Eat street,ChIJEX9emGEWrjsRdv1hN6-br3c,12.9859844,77.6054808,https://maps.gstatic.com/mapfiles/place_api/icons/restaurant-71.png,4.4,ChIJEX9emGEWrjsRdv1hN6-br3c,"['restaurant', 'food', 'point_of_interest', 'establishment']"
P227,STREET FOOD,Chintamani Chaats - Street Food,ChIJA_X1JpIVrjsRSf9DvvQ7zno,12.9382671,77.5753742,https://maps.gstatic.com/mapfiles/place_api/icons/restaurant-71.png,4.6,ChIJA_X1JpIVrjsRSf9DvvQ7zno,"['restaurant', 'food', 'point_of_interest', 'establishment']"
P228,STREET FOOD,Karnataka Bhel House,ChIJfUvMY_kVrjsRlcSqoOXPA8w,12.959344,77.56741,https://maps.gstatic.com/mapfiles/place_api/icons/restaurant-71.png,4.2,ChIJfUvMY_kVrjsRlcSqoOXPA8w,"['restaurant', 'food', 'point_of_interest', 'establishment']"
P229,STREET FOOD,Shivanna Gulkand Store,ChIJ2VNZuO4VrjsRdyXZjg6m214,12.9508956,77.577926,https://maps.gstatic.com/mapfiles/place_api/icons/restaurant-71.png,4,ChIJ2VNZuO4VrjsRdyXZjg6m214,"['restaurant', 'food', 'store', 'point_of_interest', 'establishment']"
P230,STREET FOOD,99 Variety Dosa Street Food,ChIJozB4k_MRrjsRucTQIc26Q5Q,12.980174,77.7264385,https://maps.gstatic.com/mapfiles/place_api/icons/restaurant-71.png,3.7,ChIJozB4k_MRrjsRucTQIc26Q5Q,"['restaurant', 'food', 'point_of_interest', 'establishment']"
P231,STREET FOOD,Darjiling Yummy Momo Street Food,ChIJNSbVC0YUrjsRcPIZzFqKggw,12.9403564,77.6203293,https://maps.gstatic.com/mapfiles/place_api/icons/restaurant-71.png,3.8,ChIJNSbVC0YUrjsRcPIZzFqKggw,"['restaurant', 'food', 'point_of_interest', 'establishment']"
P232,STREET FOOD,Food Street HSR Layout,ChIJ90bizZEUrjsRZiCO26AtgIQ,12.9121066,77.6389073,https://maps.gstatic.com/mapfiles/place_api/icons/restaurant-71.png,4.3,ChIJ90bizZEUrjsRZiCO26AtgIQ,"['food', 'point_of_interest', 'establishment']"
P233,STREET FOOD,Vijayanagar Food Street,ChIJWT5PcN09rjsRlKnnbw7K_Yg,12.9734993,77.5380133,https://maps.gstatic.com/mapfiles/place_api/icons/restaurant-71.png,4.2,ChIJWT5PcN09rjsRlKnnbw7K_Yg,"['food', 'point_of_interest', 'establishment']"
P234,STREET FOOD,Spicy Corner,ChIJD7vu7gEUrjsRPOmG52p_-Hk,12.9688216,77.6488321,https://maps.gstatic.com/mapfiles/place_api/icons/restaurant-71.png,3.9,ChIJD7vu7gEUrjsRPOmG52p_-Hk,"['restaurant', 'food', 'point_of_interest', 'establishment']"
P235,STREET FOOD,Crunchy Cheese,ChIJh5tT24kWrjsR3zDFJr7EVRM,12.9830056,77.6085052,https://maps.gstatic.com/mapfiles/place_api/icons/restaurant-71.png,4,ChIJh5tT24kWrjsR3zDFJr7EVRM,"['restaurant', 'food', 'point_of_interest', 'establishment']"
P236,STREET FOOD,Chaat Street,ChIJq65ssyUXrjsRuH1Uje3P_SY,13.0220729,77.6394072,https://maps.gstatic.com/mapfiles/place_api/icons/restaurant-71.png,3.5,ChIJq65ssyUXrjsRuH1Uje3P_SY,"['restaurant', 'food', 'point_of_interest', 'establishment']"
P237,STREET FOOD,Chaat Street,ChIJ-xC2uYYTrjsRda7p8qC3Rhc,12.9559791,77.7176942,https://maps.gstatic.com/mapfiles/place_api/icons/restaurant-71.png,4.1,ChIJ-xC2uYYTrjsRda7p8qC3Rhc,"['restaurant', 'food', 'point_of_interest', 'establishment']"
P238,STREET FOOD,Hari Super Sandwich,ChIJXcv8B5UVrjsRHBq0Z-bjrws,12.9328532,77.5825484,https://maps.gstatic.com/mapfiles/place_api/icons/restaurant-71.png,4.3,ChIJXcv8B5UVrjsRHBq0Z-bjrws,"['restaurant', 'food', 'point_of_interest', 'establishment']"
P239,BAZAAR,Big Bazaar,ChIJnZWqqi8WrjsRA6tWsLnBkcA,12.9972035,77.5736545,https://maps.gstatic.com/mapfiles/place_api/icons/shopping-71.png,4,ChIJnZWqqi8WrjsRA6tWsLnBkcA,"['department_store', 'supermarket', 'grocery_or_supermarket', 'food', 'store', 'point_of_interest', 'establishment']"
P240,BAZAAR,Star Bazaar,ChIJWa26AU0UrjsRRe4MMrkenyo,12.9367451,77.6104246,https://maps.gstatic.com/mapfiles/place_api/icons/shopping-71.png,4.1,ChIJWa26AU0UrjsRRe4MMrkenyo,"['supermarket', 'grocery_or_supermarket', 'food', 'store', 'point_of_interest', 'establishment']"
P241,BAZAAR,Big Bazaar,ChIJ4eVjWiIVrjsRccU0YI8EOfs,12.8975286,77.59986,https://maps.gstatic.com/mapfiles/place_api/icons/shopping-71.png,3.9,ChIJ4eVjWiIVrjsRccU0YI8EOfs,"['department_store', 'supermarket', 'grocery_or_supermarket', 'food', 'store', 'point_of_interest', 'establishment']"
P242,BAZAAR,Bangalore Bazaar,ChIJ283JT4c9rjsRdbewewLsHj8,13.0256804,77.5579056,https://maps.gstatic.com/mapfiles/place_api/icons/generic_business-71.png,3.9,ChIJ283JT4c9rjsRdbewewLsHj8,"['department_store', 'grocery_or_supermarket', 'food', 'store', 'point_of_interest', 'establishment']"
P243,BAZAAR,Big Bazaar,ChIJDQDwEVIUrjsR5rLuPwDOApY,12.9331312,77.6120561,https://maps.gstatic.com/mapfiles/place_api/icons/shopping-71.png,3.8,ChIJDQDwEVIUrjsR5rLuPwDOApY,"['department_store', 'supermarket', 'grocery_or_supermarket', 'food', 'store', 'point_of_interest', 'establishment']"
P244,BAZAAR,Chor Bazaar,ChIJm8L215oXrjsR0CBbQ67cRxA,12.9683508,77.5748766,https://maps.gstatic.com/mapfiles/place_api/icons/shopping-71.png,3.7,ChIJm8L215oXrjsR0CBbQ67cRxA,"['shopping_mall', 'point_of_interest', 'establishment']"
P245,BAZAAR,Maha Bazaar,ChIJYUs812NrrjsRa-SpzyvjavY,12.8509935,77.6501082,https://maps.gstatic.com/mapfiles/place_api/icons/shopping-71.png,4,ChIJYUs812NrrjsRa-SpzyvjavY,"['supermarket', 'grocery_or_supermarket', 'food', 'store', 'point_of_interest', 'establishment']"
P246,BAZAAR,Big Bazaar,ChIJ5w8fjpwWrjsRxpw9UXdCKws,12.973165,77.6216231,https://maps.gstatic.com/mapfiles/place_api/icons/shopping-71.png,3.9,ChIJ5w8fjpwWrjsRxpw9UXdCKws,"['supermarket', 'grocery_or_supermarket', 'food', 'store', 'point_of_interest', 'establishment']"
P247,BAZAAR,Gulshan And Fashion Bazaar,ChIJyfwHC2AWrjsRAEsW5ClLqug,12.9883351,77.60635,https://maps.gstatic.com/mapfiles/place_api/icons/shopping-71.png,4.1,ChIJyfwHC2AWrjsRAEsW5ClLqug,"['clothing_store', 'store', 'point_of_interest', 'establishment']"
P248,BAZAAR,Big Bazaar,ChIJey3feD4RrjsRL6wfhrNMPVc,13.0171568,77.6590182,https://maps.gstatic.com/mapfiles/place_api/icons/shopping-71.png,3.9,ChIJey3feD4RrjsRL6wfhrNMPVc,"['department_store', 'supermarket', 'grocery_or_supermarket', 'food', 'store', 'point_of_interest', 'establishment']"
P249,BAZAAR,Meena Bazaar,ChIJ_2jV0okWrjsRJMN9C-QjIW0,12.9824264,77.607151,https://maps.gstatic.com/mapfiles/place_api/icons/shopping-71.png,3.7,ChIJ_2jV0okWrjsRJMN9C-QjIW0,"['clothing_store', 'store', 'point_of_interest', 'establishment']"
P250,BAZAAR,The Spice Bazaar,ChIJxWM6tHsWrjsRClp5RH_anf0,12.9746621,77.5994742,https://maps.gstatic.com/mapfiles/place_api/icons/restaurant-71.png,4,ChIJxWM6tHsWrjsRClp5RH_anf0,"['restaurant', 'food', 'point_of_interest', 'establishment']"
P251,BAZAAR,Gandhi Bazaar Flower Market,ChIJrSid6fIVrjsRbF8xr-ITHSw,12.9449625,77.5721511,https://maps.gstatic.com/mapfiles/place_api/icons/shopping-71.png,4.2,ChIJrSid6fIVrjsRbF8xr-ITHSw,"['point_of_interest', 'establishment']"
P252,BAZAAR,Food Bazaar,ChIJr5nUjKATrjsRK6QyOY47uIo,12.9259894,77.6754274,https://maps.gstatic.com/mapfiles/place_api/icons/shopping-71.png,3.8,ChIJr5nUjKATrjsRK6QyOY47uIo,"['department_store', 'supermarket', 'grocery_or_supermarket', 'food', 'store', 'point_of_interest', 'establishment']"
P253,BAZAAR,Big Bazaar,ChIJAQAAAKQVrjsRtCKS_YzJQ6E,12.9172845,77.5922249,https://maps.gstatic.com/mapfiles/place_api/icons/shopping-71.png,4,ChIJAQAAAKQVrjsRtCKS_YzJQ6E,"['department_store', 'supermarket', 'grocery_or_supermarket', 'food', 'store', 'point_of_interest', 'establishment']"
P254,BAZAAR,Onesta Gandhi Bazaar,ChIJEcuwk_MVrjsRyayDUexnW6U,12.9472641,77.5689764,https://maps.gstatic.com/mapfiles/place_api/icons/restaurant-71.png,4,ChIJEcuwk_MVrjsRyayDUexnW6U,"['restaurant', 'food', 'point_of_interest', 'establishment']"
P255,BAZAAR,Big Bazaar,ChIJfc8IuJo9rjsRTCjS_q6aN4U,13.0122566,77.5532951,https://maps.gstatic.com/mapfiles/place_api/icons/shopping-71.png,4,ChIJfc8IuJo9rjsRTCjS_q6aN4U,"['department_store', 'supermarket', 'grocery_or_supermarket', 'food', 'store', 'point_of_interest', 'establishment']"
P256,BAZAAR,Big Bazaar,ChIJCyaQCuUXrjsRSRwJv3bS304,13.0476314,77.5741547,https://maps.gstatic.com/mapfiles/place_api/icons/shopping-71.png,3.9,ChIJCyaQCuUXrjsRSRwJv3bS304,"['department_store', 'supermarket', 'grocery_or_supermarket', 'food', 'store', 'point_of_interest', 'establishment']"
P257,BAZAAR,Big Bazaar,ChIJHWvOIy4-rjsRnyzh0CvA5vQ,12.9264752,77.5508957,https://maps.gstatic.com/mapfiles/place_api/icons/shopping-71.png,4,ChIJHWvOIy4-rjsRnyzh0CvA5vQ,"['department_store', 'supermarket', 'grocery_or_supermarket', 'food', 'store', 'point_of_interest', 'establishment']"
P258,BAZAAR,Big Bazaar,ChIJ9_X5K0cVrjsRK5Y3_KsWPD4,12.8872242,77.581826,https://maps.gstatic.com/mapfiles/place_api/icons/shopping-71.png,3.8,ChIJ9_X5K0cVrjsRK5Y3_KsWPD4,"['department_store', 'supermarket', 'grocery_or_supermarket', 'food', 'store', 'point_of_interest', 'establishment']"
P259,SHOPPING,Indo Dubai Plaza,ChIJ0Wbp4X0WrjsRnnOUkl3JjO4,12.9736477,77.6068376,https://maps.gstatic.com/mapfiles/place_api/icons/shopping-71.png,3.8,ChIJ0Wbp4X0WrjsRnnOUkl3JjO4,"['shopping_mall', 'point_of_interest', 'establishment']"
P260,SHOPPING,Phoenix Marketcity,ChIJS76jBAsRrjsRQ5Yuqy0l-88,12.9970372,77.696619,https://maps.gstatic.com/mapfiles/place_api/icons/shopping-71.png,4.5,ChIJS76jBAsRrjsRQ5Yuqy0l-88,"['shopping_mall', 'point_of_interest', 'establishment']"
P261,SHOPPING,National Market,ChIJ5fyDBhEXrjsRR5zSYYHkgH8,12.9764368,77.5776028,https://maps.gstatic.com/mapfiles/place_api/icons/shopping-71.png,3.8,ChIJ5fyDBhEXrjsRR5zSYYHkgH8,"['shopping_mall', 'point_of_interest', 'establishment']"
P262,SHOPPING,UB City,ChIJ96tpUHcWrjsRit-gsot2OOE,12.9716313,77.5958117,https://maps.gstatic.com/mapfiles/place_api/icons/shopping-71.png,4.5,ChIJ96tpUHcWrjsRit-gsot2OOE,"['shopping_mall', 'point_of_interest', 'establishment']"
P263,SHOPPING,Mantri Square Mall,ChIJoRKfACMWrjsRrWqiP9PBT5Y,12.9916302,77.5711719,https://maps.gstatic.com/mapfiles/place_api/icons/shopping-71.png,4.4,ChIJoRKfACMWrjsRrWqiP9PBT5Y,"['shopping_mall', 'point_of_interest', 'establishment']"
P264,SHOPPING,Bangalore Market,ChIJL_cpYAgWrjsRqAm33nmVSUQ,12.969056,77.5746821,https://maps.gstatic.com/mapfiles/place_api/icons/shopping-71.png,3.9,ChIJL_cpYAgWrjsRqAm33nmVSUQ,"['shopping_mall', 'point_of_interest', 'establishment']"
P265,SHOPPING,VR Bengaluru,ChIJtV2JQAsRrjsRp4HCbaob4R0,12.9959631,77.6953109,https://maps.gstatic.com/mapfiles/place_api/icons/shopping-71.png,4.4,ChIJtV2JQAsRrjsRp4HCbaob4R0,"['shopping_mall', 'point_of_interest', 'establishment']"
P266,SHOPPING,1 MG-Lido Mall,ChIJQ_NRvx4RrjsRMM9IFxUFU5g,12.9734056,77.6204127,https://maps.gstatic.com/mapfiles/place_api/icons/shopping-71.png,4,ChIJQ_NRvx4RrjsRMM9IFxUFU5g,"['shopping_mall', 'point_of_interest', 'establishment']"
P267,SHOPPING,Garuda Mall,ChIJgzt5rYEWrjsRgaxtZI8bwnE,12.9700713,77.6098644,https://maps.gstatic.com/mapfiles/place_api/icons/shopping-71.png,4.1,ChIJgzt5rYEWrjsRgaxtZI8bwnE,"['shopping_mall', 'point_of_interest', 'establishment']"
P268,SHOPPING,Royal Meenakshi Mall,ChIJCYgAwiwVrjsRWk69HWg1HG8,12.8760026,77.5956318,https://maps.gstatic.com/mapfiles/place_api/icons/shopping-71.png,4.3,ChIJCYgAwiwVrjsRWk69HWg1HG8,"['shopping_mall', 'point_of_interest', 'establishment']"
P269,SHOPPING,Elements Mall,ChIJxTyv4WgXrjsRiqVsTY7LFBk,13.0452724,77.6267509,https://maps.gstatic.com/mapfiles/place_api/icons/shopping-71.png,4,ChIJxTyv4WgXrjsRiqVsTY7LFBk,"['shopping_mall', 'point_of_interest', 'establishment']"
P270,SHOPPING,Vega City Mall,ChIJDeXmlxsVrjsR3zQ3BpRt9tE,12.9077453,77.6010841,https://maps.gstatic.com/mapfiles/place_api/icons/shopping-71.png,4.3,ChIJDeXmlxsVrjsR3zQ3BpRt9tE,"['shopping_mall', 'point_of_interest', 'establishment']"
P271,SHOPPING,The Forum Neighbourhood Mall,ChIJCwQ1WPYNrjsR79v0Hb12g1U,12.9596267,77.7479484,https://maps.gstatic.com/mapfiles/place_api/icons/shopping-71.png,4.2,ChIJCwQ1WPYNrjsR79v0Hb12g1U,"['shopping_mall', 'point_of_interest', 'establishment']"
P272,SHOPPING,Bangalore CENTRAL,ChIJ5x1GX3UTrjsR4aq-6zlo958,12.9264904,77.6752784,https://maps.gstatic.com/mapfiles/place_api/icons/shopping-71.png,4.1,ChIJ5x1GX3UTrjsR4aq-6zlo958,"['shopping_mall', 'department_store', 'store', 'point_of_interest', 'establishment']"
P273,SHOPPING,BADSHA STORES -The Silk Experience -since 1914,ChIJeUh2qokWrjsRfoqzFs6KL9k,12.982327,77.610645,https://maps.gstatic.com/mapfiles/place_api/icons/shopping-71.png,4.8,ChIJeUh2qokWrjsRfoqzFs6KL9k,"['store', 'point_of_interest', 'establishment']"
P274,SHOPPING,Gopalan Arcade,ChIJF_CDDv0VrjsRZSYEiJYX8QE,12.9360004,77.5176148,https://maps.gstatic.com/mapfiles/place_api/icons/shopping-71.png,4,ChIJF_CDDv0VrjsRZSYEiJYX8QE,"['shopping_mall', 'point_of_interest', 'establishment']"
P275,SHOPPING,Orion East Mall,ChIJjZVmwsIWrjsRkAzeMscdX_Y,13.0011033,77.6326623,https://maps.gstatic.com/mapfiles/place_api/icons/shopping-71.png,4.2,ChIJjZVmwsIWrjsRkAzeMscdX_Y,"['shopping_mall', 'point_of_interest', 'establishment']"
P276,SHOPPING,Shivaji Nagar Shopping Complex,ChIJH_GPCWEWrjsRGBYA0Vc19e0,12.9878137,77.6046854,https://maps.gstatic.com/mapfiles/place_api/icons/shopping-71.png,4.1,ChIJH_GPCWEWrjsRGBYA0Vc19e0,"['shopping_mall', 'point_of_interest', 'establishment']"
P277,SHOPPING,The Forum Mall,ChIJuzGXhU0UrjsRCRsq7sQj5Xs,12.9342971,77.6112019,https://maps.gstatic.com/mapfiles/place_api/icons/shopping-71.png,4.3,ChIJuzGXhU0UrjsRCRsq7sQj5Xs,"['shopping_mall', 'point_of_interest', 'establishment']"
P278,SHOPPING,Bangalore ham shop,ChIJgZARiHwWrjsRx7C92JzNY0Y,12.9762064,77.6028058,https://maps.gstatic.com/mapfiles/place_api/icons/generic_business-71.png,4.4,ChIJgZARiHwWrjsRx7C92JzNY0Y,"['clothing_store', 'food', 'store', 'point_of_interest', 'establishment']"
